,Abilene,Albany,Albuquerque,Atlanta,Austin,Baltimore,Baton_Rouge,Billings,Birmingham,Bismarck,Bostons,Buffalo,Charleston,Charlotte,Chicago,Cincinnati,Cleveland,Columbus,Dallas,Denver,Detroit,El_Paso,Fresno,Greensboro,Hartford,Houston,Jacksonville,Kansas_City,Las_Vegas,Little_Rock,Long_Island,Los_Angeles,Louisville,Memphis,Miami,Milwaukee,Minneapolis,Nashville,New_Orleans,New_York,Newark,Norfolk,Oakland,Oklahoma_City,Omaha,Orlando,Philadelphia,Phoenix,Pittsburgh,Portland,Providence,Raleigh,Richmond,Rochester,Sacramento,Salt_Lake_City,San_Antonio,San_Diego,San_Francisco,San_Jose,Santa_Barbara,Scranton,Seattle,Spokane,Springfield,St_Louis,Syracuse,Tallahassee,Tampa,Toledo,Tucson,Tulsa,Washington_DC,West_Palm_Beach,Wilmington
Abilene,0.9166666666666666,0.625,0.7916666666666666,0.8333333333333334,0.6666666666666666,0.75,0.75,0.875,0.75,0.6666666666666666,0.7916666666666666,0.75,0.6666666666666666,0.625,0.8333333333333334,0.75,0.75,0.8333333333333334,0.875,0.7916666666666666,0.75,0.875,0.7083333333333334,0.7083333333333334,0.6666666666666666,0.8333333333333334,0.75,0.8333333333333334,0.8333333333333334,0.7083333333333334,0.7083333333333334,0.5833333333333334,0.75,0.7916666666666666,0.625,0.875,0.8333333333333334,0.875,0.7916666666666666,0.7916666666666666,0.7083333333333334,0.7083333333333334,0.7083333333333334,0.7916666666666666,0.7916666666666666,0.625,0.8333333333333334,0.875,0.7083333333333334,0.8333333333333334,0.7083333333333334,0.75,0.7083333333333334,0.8333333333333334,0.7916666666666666,0.875,0.7916666666666666,0.7916666666666666,0.6666666666666666,0.5833333333333334,0.625,0.75,0.7916666666666666,0.7916666666666666,0.8333333333333334,0.9166666666666666,0.6666666666666666,0.7083333333333334,0.5833333333333334,0.6666666666666666,0.7083333333333334,0.7916666666666666,0.7083333333333334,0.625,0.7916666666666666
Albany,0.625,0.7916666666666666,0.6666666666666666,0.625,0.5416666666666666,0.625,0.5416666666666666,0.6666666666666666,0.5416666666666666,0.5833333333333334,0.75,0.625,0.5416666666666666,0.4583333333333333,0.625,0.6666666666666666,0.625,0.75,0.625,0.625,0.5833333333333334,0.625,0.5416666666666666,0.5416666666666666,0.6666666666666666,0.625,0.5833333333333334,0.625,0.625,0.5833333333333334,0.6666666666666666,0.5833333333333334,0.5,0.625,0.5,0.6666666666666666,0.7083333333333334,0.7083333333333334,0.5833333333333334,0.7083333333333334,0.5416666666666666,0.5833333333333334,0.5416666666666666,0.5416666666666666,0.625,0.4583333333333333,0.6666666666666666,0.6666666666666666,0.625,0.6666666666666666,0.7083333333333334,0.6666666666666666,0.5833333333333334,0.7083333333333334,0.5833333333333334,0.6666666666666666,0.625,0.625,0.5833333333333334,0.5416666666666666,0.5,0.7083333333333334,0.6666666666666666,0.6666666666666666,0.6666666666666666,0.7083333333333334,0.6666666666666666,0.5416666666666666,0.4583333333333333,0.5,0.5416666666666666,0.5416666666666666,0.6666666666666666,0.5,0.7083333333333334
Albuquerque,0.7916666666666666,0.6666666666666666,0.875,0.7916666666666666,0.6666666666666666,0.7083333333333334,0.75,0.8333333333333334,0.7083333333333334,0.7083333333333334,0.75,0.75,0.625,0.5833333333333334,0.7916666666666666,0.7083333333333334,0.7083333333333334,0.7916666666666666,0.7916666666666666,0.75,0.75,0.7916666666666666,0.6666666666666666,0.625,0.6666666666666666,0.8333333333333334,0.6666666666666666,0.7916666666666666,0.7916666666666666,0.7083333333333334,0.7083333333333334,0.5833333333333334,0.625,0.75,0.5833333333333334,0.8333333333333334,0.8333333333333334,0.8333333333333334,0.75,0.7916666666666666,0.6666666666666666,0.6666666666666666,0.6666666666666666,0.6666666666666666,0.75,0.5833333333333334,0.75,0.8333333333333334,0.7083333333333334,0.7916666666666666,0.75,0.7083333333333334,0.625,0.7916666666666666,0.7916666666666666,0.8333333333333334,0.7916666666666666,0.75,0.625,0.5833333333333334,0.5416666666666666,0.7083333333333334,0.7916666666666666,0.75,0.7916666666666666,0.875,0.625,0.6666666666666666,0.5416666666666666,0.5833333333333334,0.6666666666666666,0.7083333333333334,0.6666666666666666,0.5833333333333334,0.7916666666666666
Atlanta,0.8333333333333334,0.625,0.7916666666666666,0.9166666666666666,0.6666666666666666,0.75,0.7916666666666666,0.875,0.8333333333333334,0.7083333333333334,0.75,0.75,0.625,0.6666666666666666,0.875,0.75,0.75,0.8333333333333334,0.8333333333333334,0.7916666666666666,0.75,0.8333333333333334,0.7083333333333334,0.7083333333333334,0.6666666666666666,0.8333333333333334,0.75,0.8333333333333334,0.8333333333333334,0.6666666666666666,0.7083333333333334,0.5833333333333334,0.6666666666666666,0.8333333333333334,0.625,0.8333333333333334,0.8333333333333334,0.875,0.875,0.8333333333333334,0.7083333333333334,0.7083333333333334,0.75,0.7083333333333334,0.7916666666666666,0.625,0.7916666666666666,0.875,0.75,0.8333333333333334,0.7083333333333334,0.7083333333333334,0.7083333333333334,0.8333333333333334,0.7916666666666666,0.875,0.7916666666666666,0.7916666666666666,0.6666666666666666,0.5833333333333334,0.5833333333333334,0.75,0.7916666666666666,0.7916666666666666,0.8333333333333334,0.9166666666666666,0.6666666666666666,0.75,0.5833333333333334,0.625,0.7083333333333334,0.7916666666666666,0.75,0.625,0.8333333333333334
Austin,0.6666666666666666,0.5416666666666666,0.6666666666666666,0.6666666666666666,0.75,0.7083333333333334,0.6666666666666666,0.7083333333333334,0.5833333333333334,0.625,0.625,0.5833333333333334,0.5416666666666666,0.5833333333333334,0.7083333333333334,0.5833333333333334,0.625,0.6666666666666666,0.6666666666666666,0.6666666666666666,0.6666666666666666,0.6666666666666666,0.5833333333333334,0.5,0.5416666666666666,0.6666666666666666,0.5833333333333334,0.6666666666666666,0.6666666666666666,0.5,0.5833333333333334,0.5,0.5833333333333334,0.6666666666666666,0.5,0.6666666666666666,0.6666666666666666,0.7083333333333334,0.6666666666666666,0.625,0.5,0.5416666666666666,0.6666666666666666,0.5416666666666666,0.625,0.4583333333333333,0.6666666666666666,0.7083333333333334,0.5833333333333334,0.7083333333333334,0.5833333333333334,0.5833333333333334,0.5,0.6666666666666666,0.6666666666666666,0.7083333333333334,0.7083333333333334,0.625,0.5833333333333334,0.4583333333333333,0.4166666666666667,0.5833333333333334,0.7083333333333334,0.6666666666666666,0.7083333333333334,0.75,0.5833333333333334,0.5833333333333334,0.5,0.5,0.5833333333333334,0.625,0.5416666666666666,0.5,0.625
Baltimore,0.75,0.625,0.7083333333333334,0.75,0.7083333333333334,0.875,0.7083333333333334,0.7916666666666666,0.6666666666666666,0.625,0.75,0.75,0.6666666666666666,0.7083333333333334,0.75,0.75,0.7916666666666666,0.8333333333333334,0.75,0.75,0.6666666666666666,0.75,0.6666666666666666,0.6666666666666666,0.6666666666666666,0.75,0.625,0.75,0.75,0.625,0.7083333333333334,0.5416666666666666,0.7083333333333334,0.75,0.5,0.75,0.7916666666666666,0.7916666666666666,0.75,0.7916666666666666,0.6666666666666666,0.6666666666666666,0.7083333333333334,0.625,0.7083333333333334,0.5,0.8333333333333334,0.7916666666666666,0.7083333333333334,0.75,0.7083333333333334,0.7083333333333334,0.6666666666666666,0.8333333333333334,0.75,0.7916666666666666,0.75,0.75,0.7083333333333334,0.5833333333333334,0.5416666666666666,0.75,0.7083333333333334,0.7083333333333334,0.75,0.8333333333333334,0.7083333333333334,0.6666666666666666,0.5,0.5833333333333334,0.6666666666666666,0.6666666666666666,0.7083333333333334,0.5,0.7916666666666666
Baton_Rouge,0.75,0.5416666666666666,0.75,0.7916666666666666,0.6666666666666666,0.7083333333333334,0.8333333333333334,0.7916666666666666,0.7083333333333334,0.625,0.6666666666666666,0.7083333333333334,0.5833333333333334,0.625,0.7916666666666666,0.6666666666666666,0.6666666666666666,0.75,0.75,0.75,0.7083333333333334,0.75,0.625,0.625,0.5833333333333334,0.7916666666666666,0.7083333333333334,0.75,0.75,0.625,0.625,0.5,0.625,0.7083333333333334,0.5833333333333334,0.75,0.75,0.7916666666666666,0.75,0.7083333333333334,0.6666666666666666,0.625,0.75,0.625,0.7083333333333334,0.625,0.75,0.7916666666666666,0.6666666666666666,0.75,0.6666666666666666,0.625,0.625,0.75,0.75,0.7916666666666666,0.7083333333333334,0.7083333333333334,0.5833333333333334,0.5,0.5,0.6666666666666666,0.7083333333333334,0.7083333333333334,0.75,0.8333333333333334,0.625,0.6666666666666666,0.5416666666666666,0.5833333333333334,0.625,0.7083333333333334,0.6666666666666666,0.5833333333333334,0.7083333333333334
Billings,0.875,0.6666666666666666,0.8333333333333334,0.875,0.7083333333333334,0.7916666666666666,0.7916666666666666,0.9583333333333334,0.7916666666666666,0.7083333333333334,0.7916666666666666,0.8333333333333334,0.6666666666666666,0.6666666666666666,0.875,0.8333333333333334,0.8333333333333334,0.875,0.875,0.8333333333333334,0.7916666666666666,0.875,0.75,0.7083333333333334,0.7083333333333334,0.9166666666666666,0.75,0.875,0.875,0.7083333333333334,0.75,0.625,0.7083333333333334,0.8333333333333334,0.625,0.875,0.875,0.9166666666666666,0.8333333333333334,0.8333333333333334,0.75,0.7083333333333334,0.75,0.75,0.875,0.625,0.8333333333333334,0.9583333333333334,0.75,0.875,0.75,0.75,0.7083333333333334,0.9166666666666666,0.8333333333333334,0.9166666666666666,0.8333333333333334,0.8333333333333334,0.7083333333333334,0.625,0.625,0.7916666666666666,0.8333333333333334,0.8333333333333334,0.875,0.9583333333333334,0.75,0.75,0.5833333333333334,0.7083333333333334,0.75,0.7916666666666666,0.75,0.625,0.8333333333333334
Birmingham,0.75,0.5416666666666666,0.7083333333333334,0.8333333333333334,0.5833333333333334,0.6666666666666666,0.7083333333333334,0.7916666666666666,0.8333333333333334,0.6666666666666666,0.6666666666666666,0.6666666666666666,0.5416666666666666,0.625,0.7916666666666666,0.6666666666666666,0.7083333333333334,0.75,0.75,0.7083333333333334,0.6666666666666666,0.7916666666666666,0.6666666666666666,0.6666666666666666,0.625,0.75,0.6666666666666666,0.7916666666666666,0.75,0.5833333333333334,0.625,0.5416666666666666,0.625,0.75,0.5416666666666666,0.75,0.75,0.7916666666666666,0.7916666666666666,0.75,0.6666666666666666,0.625,0.6666666666666666,0.625,0.7083333333333334,0.5416666666666666,0.7083333333333334,0.7916666666666666,0.7083333333333334,0.75,0.625,0.625,0.6666666666666666,0.75,0.7083333333333334,0.8333333333333334,0.7083333333333334,0.7083333333333334,0.5833333333333334,0.5416666666666666,0.5416666666666666,0.6666666666666666,0.7083333333333334,0.7083333333333334,0.75,0.8333333333333334,0.5833333333333334,0.6666666666666666,0.5,0.5416666666666666,0.7083333333333334,0.7083333333333334,0.7083333333333334,0.5416666666666666,0.75
Bismarck,0.6666666666666666,0.5833333333333334,0.7083333333333334,0.7083333333333334,0.625,0.625,0.625,0.7083333333333334,0.6666666666666666,0.75,0.6666666666666666,0.5833333333333334,0.5416666666666666,0.5416666666666666,0.7083333333333334,0.5833333333333334,0.625,0.6666666666666666,0.6666666666666666,0.625,0.625,0.6666666666666666,0.5833333333333334,0.5416666666666666,0.625,0.6666666666666666,0.5416666666666666,0.6666666666666666,0.6666666666666666,0.5416666666666666,0.625,0.5,0.5833333333333334,0.6666666666666666,0.4583333333333333,0.7083333333333334,0.7083333333333334,0.7083333333333334,0.6666666666666666,0.7083333333333334,0.5,0.5833333333333334,0.5833333333333334,0.5416666666666666,0.625,0.4166666666666667,0.6666666666666666,0.7083333333333334,0.6666666666666666,0.7083333333333334,0.625,0.625,0.5,0.6666666666666666,0.625,0.7083333333333334,0.6666666666666666,0.625,0.5,0.4583333333333333,0.4166666666666667,0.5833333333333334,0.7083333333333334,0.6666666666666666,0.7083333333333334,0.75,0.5833333333333334,0.5416666666666666,0.4166666666666667,0.4583333333333333,0.5833333333333334,0.625,0.5416666666666666,0.4583333333333333,0.7083333333333334
Bostons,0.7916666666666666,0.75,0.75,0.75,0.625,0.75,0.6666666666666666,0.7916666666666666,0.6666666666666666,0.6666666666666666,0.9583333333333334,0.75,0.625,0.5833333333333334,0.75,0.75,0.75,0.8333333333333334,0.75,0.75,0.6666666666666666,0.7916666666666666,0.625,0.6666666666666666,0.8333333333333334,0.75,0.625,0.75,0.75,0.7083333333333334,0.8333333333333334,0.5833333333333334,0.6666666666666666,0.7083333333333334,0.5,0.8333333333333334,0.8333333333333334,0.7916666666666666,0.7083333333333334,0.8333333333333334,0.6666666666666666,0.7083333333333334,0.625,0.6666666666666666,0.7083333333333334,0.5,0.7916666666666666,0.7916666666666666,0.75,0.7916666666666666,0.875,0.7916666666666666,0.7083333333333334,0.8333333333333334,0.7083333333333334,0.7916666666666666,0.7083333333333334,0.75,0.625,0.5833333333333334,0.5833333333333334,0.75,0.75,0.75,0.7916666666666666,0.8333333333333334,0.7083333333333334,0.625,0.4583333333333333,0.625,0.625,0.6666666666666666,0.7083333333333334,0.5,0.8333333333333334
Buffalo,0.75,0.625,0.75,0.75,0.5833333333333334,0.75,0.7083333333333334,0.8333333333333334,0.6666666666666666,0.5833333333333334,0.75,0.9166666666666666,0.5833333333333334,0.5833333333333334,0.75,0.7916666666666666,0.7916666666666666,0.8333333333333334,0.75,0.7916666666666666,0.7083333333333334,0.75,0.625,0.7083333333333334,0.6666666666666666,0.8333333333333334,0.625,0.7916666666666666,0.75,0.6666666666666666,0.7083333333333334,0.5833333333333334,0.625,0.7083333333333334,0.5,0.75,0.7916666666666666,0.7916666666666666,0.7083333333333334,0.7916666666666666,0.75,0.6666666666666666,0.625,0.6666666666666666,0.75,0.5416666666666666,0.7916666666666666,0.8333333333333334,0.75,0.75,0.75,0.7083333333333334,0.6666666666666666,0.875,0.75,0.7916666666666666,0.7083333333333334,0.7916666666666666,0.625,0.5416666666666666,0.5833333333333334,0.7916666666666666,0.7083333333333334,0.7083333333333334,0.75,0.8333333333333334,0.7083333333333334,0.625,0.4583333333333333,0.625,0.625,0.7083333333333334,0.7083333333333334,0.5,0.7916666666666666
Charleston,0.6666666666666666,0.5416666666666666,0.625,0.625,0.5416666666666666,0.6666666666666666,0.5833333333333334,0.6666666666666666,0.5416666666666666,0.5416666666666666,0.625,0.5833333333333334,0.75,0.5416666666666666,0.625,0.625,0.5833333333333334,0.6666666666666666,0.6666666666666666,0.625,0.5416666666666666,0.625,0.5,0.5416666666666666,0.5416666666666666,0.625,0.5416666666666666,0.625,0.6666666666666666,0.5833333333333334,0.5833333333333334,0.4583333333333333,0.5833333333333334,0.5833333333333334,0.4583333333333333,0.6666666666666666,0.7083333333333334,0.6666666666666666,0.625,0.6666666666666666,0.5416666666666666,0.5833333333333334,0.5833333333333334,0.5416666666666666,0.6666666666666666,0.4583333333333333,0.7083333333333334,0.6666666666666666,0.5416666666666666,0.6666666666666666,0.5833333333333334,0.6666666666666666,0.5,0.6666666666666666,0.5833333333333334,0.6666666666666666,0.5833333333333334,0.6666666666666666,0.625,0.5416666666666666,0.4583333333333333,0.5833333333333334,0.5833333333333334,0.5833333333333334,0.625,0.7083333333333334,0.5833333333333334,0.5833333333333334,0.4583333333333333,0.5416666666666666,0.5833333333333334,0.5833333333333334,0.5833333333333334,0.4583333333333333,0.6666666666666666
Charlotte,0.625,0.4583333333333333,0.5833333333333334,0.6666666666666666,0.5833333333333334,0.7083333333333334,0.625,0.6666666666666666,0.625,0.5416666666666666,0.5833333333333334,0.5833333333333334,0.5416666666666666,0.75,0.625,0.625,0.6666666666666666,0.6666666666666666,0.625,0.625,0.5833333333333334,0.625,0.625,0.5833333333333334,0.5833333333333334,0.625,0.5416666666666666,0.625,0.625,0.5,0.5833333333333334,0.4166666666666667,0.625,0.625,0.4583333333333333,0.625,0.6666666666666666,0.6666666666666666,0.6666666666666666,0.625,0.5416666666666666,0.5416666666666666,0.625,0.5,0.5833333333333334,0.4583333333333333,0.6666666666666666,0.6666666666666666,0.5833333333333334,0.625,0.5416666666666666,0.5416666666666666,0.5416666666666666,0.6666666666666666,0.6666666666666666,0.6666666666666666,0.625,0.625,0.5833333333333334,0.4583333333333333,0.4166666666666667,0.5833333333333334,0.5833333333333334,0.5833333333333334,0.625,0.7083333333333334,0.5416666666666666,0.5833333333333334,0.4583333333333333,0.4583333333333333,0.5833333333333334,0.5416666666666666,0.5833333333333334,0.4583333333333333,0.625
Chicago,0.8333333333333334,0.625,0.7916666666666666,0.875,0.7083333333333334,0.75,0.7916666666666666,0.875,0.7916666666666666,0.7083333333333334,0.75,0.75,0.625,0.625,0.9166666666666666,0.75,0.75,0.8333333333333334,0.8333333333333334,0.8333333333333334,0.7916666666666666,0.8333333333333334,0.7083333333333334,0.6666666666666666,0.6666666666666666,0.8333333333333334,0.75,0.8333333333333334,0.8333333333333334,0.6666666666666666,0.7083333333333334,0.5833333333333334,0.6666666666666666,0.8333333333333334,0.625,0.8333333333333334,0.8333333333333334,0.875,0.8333333333333334,0.8333333333333334,0.6666666666666666,0.75,0.75,0.7083333333333334,0.7916666666666666,0.625,0.7916666666666666,0.875,0.75,0.8333333333333334,0.7083333333333334,0.7083333333333334,0.6666666666666666,0.8333333333333334,0.7916666666666666,0.875,0.7916666666666666,0.7916666666666666,0.6666666666666666,0.5833333333333334,0.5833333333333334,0.75,0.7916666666666666,0.7916666666666666,0.8333333333333334,0.9166666666666666,0.6666666666666666,0.7083333333333334,0.5833333333333334,0.6666666666666666,0.7083333333333334,0.8333333333333334,0.7083333333333334,0.625,0.8333333333333334
Cincinnati,0.75,0.6666666666666666,0.7083333333333334,0.75,0.5833333333333334,0.75,0.6666666666666666,0.8333333333333334,0.6666666666666666,0.5833333333333334,0.75,0.7916666666666666,0.625,0.625,0.75,0.875,0.7916666666666666,0.8333333333333334,0.75,0.75,0.7083333333333334,0.75,0.6666666666666666,0.6666666666666666,0.7083333333333334,0.7916666666666666,0.625,0.75,0.75,0.625,0.75,0.5833333333333334,0.625,0.7083333333333334,0.5416666666666666,0.75,0.7916666666666666,0.7916666666666666,0.7083333333333334,0.7916666666666666,0.7083333333333334,0.7083333333333334,0.625,0.625,0.7916666666666666,0.5416666666666666,0.7916666666666666,0.8333333333333334,0.7083333333333334,0.75,0.7083333333333334,0.7083333333333334,0.6666666666666666,0.875,0.75,0.7916666666666666,0.7083333333333334,0.75,0.6666666666666666,0.5833333333333334,0.5833333333333334,0.75,0.7083333333333334,0.7083333333333334,0.75,0.8333333333333334,0.75,0.625,0.5,0.6666666666666666,0.6666666666666666,0.6666666666666666,0.75,0.5416666666666666,0.7916666666666666
Cleveland,0.75,0.625,0.7083333333333334,0.75,0.625,0.7916666666666666,0.6666666666666666,0.8333333333333334,0.7083333333333334,0.625,0.75,0.7916666666666666,0.5833333333333334,0.6666666666666666,0.75,0.7916666666666666,0.875,0.8333333333333334,0.75,0.75,0.6666666666666666,0.75,0.7083333333333334,0.7083333333333334,0.7083333333333334,0.7916666666666666,0.625,0.75,0.75,0.625,0.7083333333333334,0.5416666666666666,0.7083333333333334,0.75,0.5,0.75,0.7916666666666666,0.7916666666666666,0.7083333333333334,0.7916666666666666,0.7083333333333334,0.6666666666666666,0.625,0.625,0.75,0.5,0.7916666666666666,0.8333333333333334,0.75,0.75,0.7083333333333334,0.7083333333333334,0.6666666666666666,0.875,0.75,0.7916666666666666,0.75,0.75,0.6666666666666666,0.5416666666666666,0.5416666666666666,0.75,0.7083333333333334,0.7083333333333334,0.75,0.8333333333333334,0.7083333333333334,0.625,0.4583333333333333,0.625,0.6666666666666666,0.6666666666666666,0.7083333333333334,0.5,0.7916666666666666
Columbus,0.8333333333333334,0.75,0.7916666666666666,0.8333333333333334,0.6666666666666666,0.8333333333333334,0.75,0.875,0.75,0.6666666666666666,0.8333333333333334,0.8333333333333334,0.6666666666666666,0.6666666666666666,0.8333333333333334,0.8333333333333334,0.8333333333333334,0.9583333333333334,0.8333333333333334,0.8333333333333334,0.75,0.8333333333333334,0.75,0.75,0.75,0.8333333333333334,0.75,0.8333333333333334,0.8333333333333334,0.75,0.7916666666666666,0.625,0.7083333333333334,0.8333333333333334,0.625,0.8333333333333334,0.875,0.9166666666666666,0.7916666666666666,0.875,0.75,0.75,0.7083333333333334,0.75,0.7916666666666666,0.625,0.875,0.875,0.7916666666666666,0.8333333333333334,0.7916666666666666,0.7916666666666666,0.7916666666666666,0.9166666666666666,0.7916666666666666,0.875,0.7916666666666666,0.8333333333333334,0.7083333333333334,0.625,0.625,0.875,0.7916666666666666,0.7916666666666666,0.8333333333333334,0.9166666666666666,0.75,0.7083333333333334,0.5833333333333334,0.6666666666666666,0.7083333333333334,0.75,0.7916666666666666,0.625,0.875
Dallas,0.875,0.625,0.7916666666666666,0.8333333333333334,0.6666666666666666,0.75,0.75,0.875,0.75,0.6666666666666666,0.75,0.75,0.6666666666666666,0.625,0.8333333333333334,0.75,0.75,0.8333333333333334,0.9166666666666666,0.7916666666666666,0.75,0.8333333333333334,0.75,0.75,0.6666666666666666,0.8333333333333334,0.75,0.8333333333333334,0.8333333333333334,0.6666666666666666,0.7083333333333334,0.5833333333333334,0.7083333333333334,0.7916666666666666,0.625,0.8333333333333334,0.8333333333333334,0.875,0.7916666666666666,0.7916666666666666,0.7083333333333334,0.7083333333333334,0.7083333333333334,0.75,0.7916666666666666,0.625,0.8333333333333334,0.875,0.7083333333333334,0.8333333333333334,0.7083333333333334,0.75,0.7083333333333334,0.8333333333333334,0.7916666666666666,0.875,0.7916666666666666,0.7916666666666666,0.6666666666666666,0.625,0.625,0.75,0.7916666666666666,0.7916666666666666,0.875,0.9166666666666666,0.6666666666666666,0.75,0.5833333333333334,0.6666666666666666,0.75,0.7916666666666666,0.7083333333333334,0.625,0.7916666666666666
Denver,0.7916666666666666,0.625,0.75,0.7916666666666666,0.6666666666666666,0.75,0.75,0.8333333333333334,0.7083333333333334,0.625,0.75,0.7916666666666666,0.625,0.625,0.8333333333333334,0.75,0.75,0.8333333333333334,0.7916666666666666,0.875,0.7916666666666666,0.7916666666666666,0.6666666666666666,0.7083333333333334,0.6666666666666666,0.7916666666666666,0.7083333333333334,0.8333333333333334,0.7916666666666666,0.6666666666666666,0.7083333333333334,0.625,0.6666666666666666,0.75,0.5833333333333334,0.7916666666666666,0.8333333333333334,0.8333333333333334,0.75,0.7916666666666666,0.6666666666666666,0.7083333333333334,0.7083333333333334,0.7083333333333334,0.75,0.5833333333333334,0.7916666666666666,0.8333333333333334,0.7083333333333334,0.7916666666666666,0.7083333333333334,0.7083333333333334,0.6666666666666666,0.8333333333333334,0.75,0.8333333333333334,0.75,0.8333333333333334,0.6666666666666666,0.5833333333333334,0.625,0.7916666666666666,0.75,0.75,0.7916666666666666,0.875,0.6666666666666666,0.6666666666666666,0.5416666666666666,0.6666666666666666,0.6666666666666666,0.7916666666666666,0.7083333333333334,0.5833333333333334,0.7916666666666666
Detroit,0.75,0.5833333333333334,0.75,0.75,0.6666666666666666,0.6666666666666666,0.7083333333333334,0.7916666666666666,0.6666666666666666,0.625,0.6666666666666666,0.7083333333333334,0.5416666666666666,0.5833333333333334,0.7916666666666666,0.7083333333333334,0.6666666666666666,0.75,0.75,0.7916666666666666,0.875,0.75,0.6666666666666666,0.625,0.625,0.75,0.6666666666666666,0.7916666666666666,0.75,0.5833333333333334,0.6666666666666666,0.5833333333333334,0.5833333333333334,0.7083333333333334,0.625,0.75,0.75,0.7916666666666666,0.7083333333333334,0.7083333333333334,0.5833333333333334,0.6666666666666666,0.6666666666666666,0.6666666666666666,0.7083333333333334,0.5833333333333334,0.7083333333333334,0.7916666666666666,0.625,0.75,0.625,0.625,0.5833333333333334,0.75,0.75,0.7916666666666666,0.75,0.75,0.5833333333333334,0.5,0.5416666666666666,0.7083333333333334,0.75,0.7083333333333334,0.75,0.8333333333333334,0.5833333333333334,0.625,0.5833333333333334,0.5833333333333334,0.625,0.75,0.625,0.625,0.7083333333333334
El_Paso,0.875,0.625,0.7916666666666666,0.8333333333333334,0.6666666666666666,0.75,0.75,0.875,0.7916666666666666,0.6666666666666666,0.7916666666666666,0.75,0.625,0.625,0.8333333333333334,0.75,0.75,0.8333333333333334,0.8333333333333334,0.7916666666666666,0.75,0.9166666666666666,0.7083333333333334,0.6666666666666666,0.6666666666666666,0.8333333333333334,0.7083333333333334,0.875,0.8333333333333334,0.7083333333333334,0.7083333333333334,0.625,0.7083333333333334,0.7916666666666666,0.5833333333333334,0.875,0.8333333333333334,0.875,0.7916666666666666,0.7916666666666666,0.7083333333333334,0.6666666666666666,0.7083333333333334,0.75,0.7916666666666666,0.5833333333333334,0.7916666666666666,0.875,0.7083333333333334,0.8333333333333334,0.7083333333333334,0.7083333333333334,0.75,0.8333333333333334,0.7916666666666666,0.9166666666666666,0.7916666666666666,0.7916666666666666,0.6666666666666666,0.625,0.6666666666666666,0.75,0.7916666666666666,0.7916666666666666,0.8333333333333334,0.9166666666666666,0.6666666666666666,0.7083333333333334,0.5416666666666666,0.6666666666666666,0.75,0.75,0.75,0.5833333333333334,0.7916666666666666
Fresno,0.7083333333333334,0.5416666666666666,0.6666666666666666,0.7083333333333334,0.5833333333333334,0.6666666666666666,0.625,0.75,0.6666666666666666,0.5833333333333334,0.625,0.625,0.5,0.625,0.7083333333333334,0.6666666666666666,0.7083333333333334,0.75,0.75,0.6666666666666666,0.6666666666666666,0.7083333333333334,0.7916666666666666,0.625,0.625,0.7083333333333334,0.625,0.7083333333333334,0.7083333333333334,0.5833333333333334,0.625,0.4583333333333333,0.625,0.75,0.5416666666666666,0.7083333333333334,0.7083333333333334,0.7916666666666666,0.6666666666666666,0.6666666666666666,0.5416666666666666,0.5833333333333334,0.5833333333333334,0.625,0.6666666666666666,0.5416666666666666,0.6666666666666666,0.75,0.625,0.7083333333333334,0.5833333333333334,0.5833333333333334,0.625,0.7083333333333334,0.75,0.75,0.7083333333333334,0.6666666666666666,0.5833333333333334,0.5,0.5,0.6666666666666666,0.6666666666666666,0.6666666666666666,0.75,0.7916666666666666,0.5416666666666666,0.625,0.5,0.5416666666666666,0.6666666666666666,0.625,0.5833333333333334,0.5416666666666666,0.6666666666666666
Greensboro,0.7083333333333334,0.5416666666666666,0.625,0.7083333333333334,0.5,0.6666666666666666,0.625,0.7083333333333334,0.6666666666666666,0.5416666666666666,0.6666666666666666,0.7083333333333334,0.5416666666666666,0.5833333333333334,0.6666666666666666,0.6666666666666666,0.7083333333333334,0.75,0.75,0.7083333333333334,0.625,0.6666666666666666,0.625,0.7916666666666666,0.625,0.6666666666666666,0.625,0.7083333333333334,0.6666666666666666,0.5416666666666666,0.625,0.5,0.625,0.625,0.5,0.6666666666666666,0.7083333333333334,0.7083333333333334,0.6666666666666666,0.7083333333333334,0.6666666666666666,0.625,0.5833333333333334,0.625,0.625,0.5,0.75,0.7083333333333334,0.6666666666666666,0.6666666666666666,0.625,0.6666666666666666,0.6666666666666666,0.75,0.625,0.7083333333333334,0.625,0.7083333333333334,0.5416666666666666,0.5,0.5416666666666666,0.7083333333333334,0.625,0.625,0.7083333333333334,0.75,0.5833333333333334,0.625,0.4583333333333333,0.5416666666666666,0.625,0.6666666666666666,0.6666666666666666,0.5,0.7083333333333334
Hartford,0.6666666666666666,0.6666666666666666,0.6666666666666666,0.6666666666666666,0.5416666666666666,0.6666666666666666,0.5833333333333334,0.7083333333333334,0.625,0.625,0.8333333333333334,0.6666666666666666,0.5416666666666666,0.5833333333333334,0.6666666666666666,0.7083333333333334,0.7083333333333334,0.75,0.6666666666666666,0.6666666666666666,0.625,0.6666666666666666,0.625,0.625,0.9166666666666666,0.6666666666666666,0.5416666666666666,0.6666666666666666,0.7083333333333334,0.5833333333333334,0.8333333333333334,0.5416666666666666,0.5833333333333334,0.625,0.4583333333333333,0.7083333333333334,0.75,0.7083333333333334,0.625,0.75,0.5833333333333334,0.6666666666666666,0.5416666666666666,0.5833333333333334,0.625,0.4583333333333333,0.7083333333333334,0.7083333333333334,0.7083333333333334,0.7083333333333334,0.8333333333333334,0.75,0.5833333333333334,0.75,0.6666666666666666,0.7083333333333334,0.6666666666666666,0.6666666666666666,0.5416666666666666,0.5416666666666666,0.5,0.6666666666666666,0.7083333333333334,0.7083333333333334,0.7083333333333334,0.75,0.625,0.5416666666666666,0.4166666666666667,0.5,0.5833333333333334,0.5833333333333334,0.625,0.4583333333333333,0.75
Houston,0.8333333333333334,0.625,0.8333333333333334,0.8333333333333334,0.6666666666666666,0.75,0.7916666666666666,0.9166666666666666,0.75,0.6666666666666666,0.75,0.8333333333333334,0.625,0.625,0.8333333333333334,0.7916666666666666,0.7916666666666666,0.8333333333333334,0.8333333333333334,0.7916666666666666,0.75,0.8333333333333334,0.7083333333333334,0.6666666666666666,0.6666666666666666,0.9166666666666666,0.7083333333333334,0.8333333333333334,0.8333333333333334,0.7083333333333334,0.7083333333333334,0.5833333333333334,0.6666666666666666,0.7916666666666666,0.5833333333333334,0.8333333333333334,0.8333333333333334,0.875,0.7916666666666666,0.7916666666666666,0.75,0.6666666666666666,0.7083333333333334,0.7083333333333334,0.8333333333333334,0.625,0.7916666666666666,0.9166666666666666,0.75,0.8333333333333334,0.75,0.7083333333333334,0.6666666666666666,0.875,0.8333333333333334,0.875,0.7916666666666666,0.7916666666666666,0.6666666666666666,0.5833333333333334,0.5833333333333334,0.75,0.7916666666666666,0.7916666666666666,0.8333333333333334,0.9166666666666666,0.7083333333333334,0.7083333333333334,0.5416666666666666,0.6666666666666666,0.7083333333333334,0.75,0.7083333333333334,0.5833333333333334,0.7916666666666666
Jacksonville,0.75,0.5833333333333334,0.6666666666666666,0.75,0.5833333333333334,0.625,0.7083333333333334,0.75,0.6666666666666666,0.5416666666666666,0.625,0.625,0.5416666666666666,0.5416666666666666,0.75,0.625,0.625,0.75,0.75,0.7083333333333334,0.6666666666666666,0.7083333333333334,0.625,0.625,0.5416666666666666,0.7083333333333334,0.7916666666666666,0.7083333333333334,0.7083333333333334,0.5833333333333334,0.5833333333333334,0.5,0.5833333333333334,0.7083333333333334,0.6666666666666666,0.7083333333333334,0.7083333333333334,0.7916666666666666,0.7083333333333334,0.6666666666666666,0.625,0.625,0.7083333333333334,0.6666666666666666,0.6666666666666666,0.6666666666666666,0.7083333333333334,0.75,0.5833333333333334,0.7083333333333334,0.5833333333333334,0.625,0.625,0.7083333333333334,0.6666666666666666,0.75,0.6666666666666666,0.6666666666666666,0.5833333333333334,0.5,0.5,0.7083333333333334,0.6666666666666666,0.7083333333333334,0.7083333333333334,0.7916666666666666,0.5833333333333334,0.6666666666666666,0.625,0.5416666666666666,0.5833333333333334,0.7083333333333334,0.6666666666666666,0.6666666666666666,0.6666666666666666
Kansas_City,0.8333333333333334,0.625,0.7916666666666666,0.8333333333333334,0.6666666666666666,0.75,0.75,0.875,0.7916666666666666,0.6666666666666666,0.75,0.7916666666666666,0.625,0.625,0.8333333333333334,0.75,0.75,0.8333333333333334,0.8333333333333334,0.8333333333333334,0.7916666666666666,0.875,0.7083333333333334,0.7083333333333334,0.6666666666666666,0.8333333333333334,0.7083333333333334,0.9166666666666666,0.8333333333333334,0.6666666666666666,0.7083333333333334,0.6666666666666666,0.6666666666666666,0.7916666666666666,0.5833333333333334,0.8333333333333334,0.8333333333333334,0.875,0.7916666666666666,0.7916666666666666,0.7083333333333334,0.6666666666666666,0.7083333333333334,0.75,0.7916666666666666,0.5833333333333334,0.7916666666666666,0.875,0.7083333333333334,0.8333333333333334,0.7083333333333334,0.7083333333333334,0.7083333333333334,0.8333333333333334,0.7916666666666666,0.9166666666666666,0.7916666666666666,0.8333333333333334,0.6666666666666666,0.625,0.6666666666666666,0.7916666666666666,0.7916666666666666,0.7916666666666666,0.8333333333333334,0.9166666666666666,0.6666666666666666,0.7083333333333334,0.5416666666666666,0.625,0.75,0.7916666666666666,0.75,0.5833333333333334,0.7916666666666666
Las_Vegas,0.8333333333333334,0.625,0.7916666666666666,0.8333333333333334,0.6666666666666666,0.75,0.75,0.875,0.75,0.6666666666666666,0.75,0.75,0.6666666666666666,0.625,0.8333333333333334,0.75,0.75,0.8333333333333334,0.8333333333333334,0.7916666666666666,0.75,0.8333333333333334,0.7083333333333334,0.6666666666666666,0.7083333333333334,0.8333333333333334,0.7083333333333334,0.8333333333333334,0.9166666666666666,0.7083333333333334,0.75,0.625,0.6666666666666666,0.7916666666666666,0.625,0.8333333333333334,0.8333333333333334,0.875,0.7916666666666666,0.7916666666666666,0.6666666666666666,0.6666666666666666,0.7083333333333334,0.75,0.8333333333333334,0.625,0.7916666666666666,0.875,0.7083333333333334,0.875,0.75,0.75,0.6666666666666666,0.8333333333333334,0.7916666666666666,0.875,0.8333333333333334,0.8333333333333334,0.7083333333333334,0.625,0.625,0.75,0.8333333333333334,0.8333333333333334,0.8333333333333334,0.9166666666666666,0.6666666666666666,0.75,0.5833333333333334,0.6666666666666666,0.7083333333333334,0.75,0.7083333333333334,0.625,0.7916666666666666
Little_Rock,0.7083333333333334,0.5833333333333334,0.7083333333333334,0.6666666666666666,0.5,0.625,0.625,0.7083333333333334,0.5833333333333334,0.5416666666666666,0.7083333333333334,0.6666666666666666,0.5833333333333334,0.5,0.6666666666666666,0.625,0.625,0.75,0.6666666666666666,0.6666666666666666,0.5833333333333334,0.7083333333333334,0.5833333333333334,0.5416666666666666,0.5833333333333334,0.7083333333333334,0.5833333333333334,0.6666666666666666,0.7083333333333334,0.75,0.625,0.4583333333333333,0.5833333333333334,0.6666666666666666,0.5,0.75,0.75,0.75,0.625,0.7083333333333334,0.5833333333333334,0.5833333333333334,0.5416666666666666,0.625,0.6666666666666666,0.5416666666666666,0.6666666666666666,0.7083333333333334,0.625,0.7083333333333334,0.6666666666666666,0.625,0.625,0.7083333333333334,0.6666666666666666,0.7083333333333334,0.625,0.7083333333333334,0.5833333333333334,0.5,0.5,0.6666666666666666,0.625,0.625,0.6666666666666666,0.75,0.5416666666666666,0.5833333333333334,0.4583333333333333,0.5833333333333334,0.5416666666666666,0.5833333333333334,0.5833333333333334,0.5,0.7083333333333334
Long_Island,0.7083333333333334,0.6666666666666666,0.7083333333333334,0.7083333333333334,0.5833333333333334,0.7083333333333334,0.625,0.75,0.625,0.625,0.8333333333333334,0.7083333333333334,0.5833333333333334,0.5833333333333334,0.7083333333333334,0.75,0.7083333333333334,0.7916666666666666,0.7083333333333334,0.7083333333333334,0.6666666666666666,0.7083333333333334,0.625,0.625,0.8333333333333334,0.7083333333333334,0.5833333333333334,0.7083333333333334,0.75,0.625,0.875,0.5833333333333334,0.5833333333333334,0.6666666666666666,0.5,0.75,0.7916666666666666,0.75,0.6666666666666666,0.7916666666666666,0.625,0.7083333333333334,0.5833333333333334,0.625,0.6666666666666666,0.5,0.75,0.75,0.7083333333333334,0.75,0.8333333333333334,0.7916666666666666,0.625,0.7916666666666666,0.7083333333333334,0.75,0.7083333333333334,0.7083333333333334,0.5833333333333334,0.5833333333333334,0.5416666666666666,0.7083333333333334,0.75,0.75,0.75,0.7916666666666666,0.6666666666666666,0.5833333333333334,0.4583333333333333,0.5416666666666666,0.5833333333333334,0.625,0.6666666666666666,0.5,0.7916666666666666
Los_Angeles,0.5833333333333334,0.5833333333333334,0.5833333333333334,0.5833333333333334,0.5,0.5416666666666666,0.5,0.625,0.5416666666666666,0.5,0.5833333333333334,0.5833333333333334,0.4583333333333333,0.4166666666666667,0.5833333333333334,0.5833333333333334,0.5416666666666666,0.625,0.5833333333333334,0.625,0.5833333333333334,0.625,0.4583333333333333,0.5,0.5416666666666666,0.5833333333333334,0.5,0.6666666666666666,0.625,0.4583333333333333,0.5833333333333334,0.6666666666666666,0.4583333333333333,0.5416666666666666,0.4166666666666667,0.5833333333333334,0.625,0.625,0.5416666666666666,0.5833333333333334,0.5,0.4583333333333333,0.5,0.5416666666666666,0.5833333333333334,0.375,0.5833333333333334,0.625,0.5416666666666666,0.625,0.5833333333333334,0.5833333333333334,0.5,0.625,0.5416666666666666,0.6666666666666666,0.625,0.625,0.5416666666666666,0.5416666666666666,0.5833333333333334,0.625,0.6666666666666666,0.6666666666666666,0.625,0.6666666666666666,0.5833333333333334,0.5,0.375,0.4583333333333333,0.5416666666666666,0.5416666666666666,0.625,0.4166666666666667,0.5833333333333334
Louisville,0.75,0.5,0.625,0.6666666666666666,0.5833333333333334,0.7083333333333334,0.625,0.7083333333333334,0.625,0.5833333333333334,0.6666666666666666,0.625,0.5833333333333334,0.625,0.6666666666666666,0.625,0.7083333333333334,0.7083333333333334,0.7083333333333334,0.6666666666666666,0.5833333333333334,0.7083333333333334,0.625,0.625,0.5833333333333334,0.6666666666666666,0.5833333333333334,0.6666666666666666,0.6666666666666666,0.5833333333333334,0.5833333333333334,0.4583333333333333,0.75,0.6666666666666666,0.4583333333333333,0.7083333333333334,0.7083333333333334,0.7083333333333334,0.625,0.6666666666666666,0.5833333333333334,0.5833333333333334,0.5833333333333334,0.625,0.625,0.4583333333333333,0.75,0.7083333333333334,0.625,0.6666666666666666,0.5833333333333334,0.625,0.5833333333333334,0.7083333333333334,0.6666666666666666,0.7083333333333334,0.6666666666666666,0.6666666666666666,0.5833333333333334,0.4583333333333333,0.5,0.625,0.625,0.625,0.6666666666666666,0.75,0.5833333333333334,0.5416666666666666,0.4166666666666667,0.5416666666666666,0.5833333333333334,0.625,0.5833333333333334,0.4583333333333333,0.6666666666666666
Memphis,0.7916666666666666,0.625,0.75,0.8333333333333334,0.6666666666666666,0.75,0.7083333333333334,0.8333333333333334,0.75,0.6666666666666666,0.7083333333333334,0.7083333333333334,0.5833333333333334,0.625,0.8333333333333334,0.7083333333333334,0.75,0.8333333333333334,0.7916666666666666,0.75,0.7083333333333334,0.7916666666666666,0.75,0.625,0.625,0.7916666666666666,0.7083333333333334,0.7916666666666666,0.7916666666666666,0.6666666666666666,0.6666666666666666,0.5416666666666666,0.6666666666666666,0.9166666666666666,0.5833333333333334,0.7916666666666666,0.7916666666666666,0.875,0.7916666666666666,0.7916666666666666,0.625,0.6666666666666666,0.6666666666666666,0.7083333333333334,0.75,0.5833333333333334,0.75,0.8333333333333334,0.7083333333333334,0.7916666666666666,0.6666666666666666,0.6666666666666666,0.6666666666666666,0.7916666666666666,0.7916666666666666,0.8333333333333334,0.7916666666666666,0.75,0.6666666666666666,0.5416666666666666,0.5416666666666666,0.75,0.75,0.75,0.7916666666666666,0.875,0.625,0.6666666666666666,0.5416666666666666,0.5833333333333334,0.6666666666666666,0.75,0.6666666666666666,0.5833333333333334,0.7916666666666666
Miami,0.625,0.5,0.5833333333333334,0.625,0.5,0.5,0.5833333333333334,0.625,0.5416666666666666,0.4583333333333333,0.5,0.5,0.4583333333333333,0.4583333333333333,0.625,0.5416666666666666,0.5,0.625,0.625,0.5833333333333334,0.625,0.5833333333333334,0.5416666666666666,0.5,0.4583333333333333,0.5833333333333334,0.6666666666666666,0.5833333333333334,0.625,0.5,0.5,0.4166666666666667,0.4583333333333333,0.5833333333333334,1.0,0.5833333333333334,0.5833333333333334,0.6666666666666666,0.625,0.5416666666666666,0.5,0.5416666666666666,0.5833333333333334,0.5416666666666666,0.5833333333333334,0.75,0.5833333333333334,0.625,0.4583333333333333,0.625,0.4583333333333333,0.5,0.5,0.5833333333333334,0.5833333333333334,0.625,0.5833333333333334,0.5833333333333334,0.5,0.375,0.375,0.5833333333333334,0.5833333333333334,0.5833333333333334,0.5833333333333334,0.6666666666666666,0.4583333333333333,0.625,0.75,0.4583333333333333,0.4583333333333333,0.5833333333333334,0.5416666666666666,0.9583333333333334,0.5416666666666666
Milwaukee,0.875,0.6666666666666666,0.8333333333333334,0.8333333333333334,0.6666666666666666,0.75,0.75,0.875,0.75,0.7083333333333334,0.8333333333333334,0.75,0.6666666666666666,0.625,0.8333333333333334,0.75,0.75,0.8333333333333334,0.8333333333333334,0.7916666666666666,0.75,0.875,0.7083333333333334,0.6666666666666666,0.7083333333333334,0.8333333333333334,0.7083333333333334,0.8333333333333334,0.8333333333333334,0.75,0.75,0.5833333333333334,0.7083333333333334,0.7916666666666666,0.5833333333333334,0.9166666666666666,0.875,0.875,0.7916666666666666,0.8333333333333334,0.6666666666666666,0.7083333333333334,0.7083333333333334,0.75,0.7916666666666666,0.5833333333333334,0.7916666666666666,0.875,0.7083333333333334,0.8333333333333334,0.75,0.75,0.7083333333333334,0.8333333333333334,0.7916666666666666,0.875,0.7916666666666666,0.7916666666666666,0.6666666666666666,0.625,0.625,0.75,0.7916666666666666,0.7916666666666666,0.8333333333333334,0.9166666666666666,0.6666666666666666,0.7083333333333334,0.5416666666666666,0.6666666666666666,0.7083333333333334,0.75,0.7083333333333334,0.5833333333333334,0.8333333333333334
Minneapolis,0.8333333333333334,0.7083333333333334,0.8333333333333334,0.8333333333333334,0.6666666666666666,0.7916666666666666,0.75,0.875,0.75,0.7083333333333334,0.8333333333333334,0.7916666666666666,0.7083333333333334,0.6666666666666666,0.8333333333333334,0.7916666666666666,0.7916666666666666,0.875,0.8333333333333334,0.8333333333333334,0.75,0.8333333333333334,0.7083333333333334,0.7083333333333334,0.75,0.8333333333333334,0.7083333333333334,0.8333333333333334,0.8333333333333334,0.75,0.7916666666666666,0.625,0.7083333333333334,0.7916666666666666,0.5833333333333334,0.875,0.9166666666666666,0.875,0.7916666666666666,0.875,0.7083333333333334,0.75,0.7083333333333334,0.7083333333333334,0.7916666666666666,0.5833333333333334,0.8333333333333334,0.875,0.75,0.8333333333333334,0.7916666666666666,0.7916666666666666,0.7083333333333334,0.875,0.7916666666666666,0.875,0.7916666666666666,0.8333333333333334,0.7083333333333334,0.6666666666666666,0.625,0.7916666666666666,0.7916666666666666,0.7916666666666666,0.8333333333333334,0.9166666666666666,0.7083333333333334,0.7083333333333334,0.5416666666666666,0.6666666666666666,0.7083333333333334,0.75,0.75,0.5833333333333334,0.875
Nashville,0.875,0.7083333333333334,0.8333333333333334,0.875,0.7083333333333334,0.7916666666666666,0.7916666666666666,0.9166666666666666,0.7916666666666666,0.7083333333333334,0.7916666666666666,0.7916666666666666,0.6666666666666666,0.6666666666666666,0.875,0.7916666666666666,0.7916666666666666,0.9166666666666666,0.875,0.8333333333333334,0.7916666666666666,0.875,0.7916666666666666,0.7083333333333334,0.7083333333333334,0.875,0.7916666666666666,0.875,0.875,0.75,0.75,0.625,0.7083333333333334,0.875,0.6666666666666666,0.875,0.875,0.9583333333333334,0.8333333333333334,0.8333333333333334,0.7083333333333334,0.7083333333333334,0.75,0.7916666666666666,0.8333333333333334,0.6666666666666666,0.8333333333333334,0.9166666666666666,0.75,0.875,0.75,0.75,0.75,0.875,0.8333333333333334,0.9166666666666666,0.8333333333333334,0.8333333333333334,0.7083333333333334,0.625,0.625,0.8333333333333334,0.8333333333333334,0.8333333333333334,0.875,0.9583333333333334,0.7083333333333334,0.75,0.625,0.6666666666666666,0.75,0.7916666666666666,0.75,0.6666666666666666,0.8333333333333334
New_Orleans,0.7916666666666666,0.5833333333333334,0.75,0.875,0.6666666666666666,0.75,0.75,0.8333333333333334,0.7916666666666666,0.6666666666666666,0.7083333333333334,0.7083333333333334,0.625,0.6666666666666666,0.8333333333333334,0.7083333333333334,0.7083333333333334,0.7916666666666666,0.7916666666666666,0.75,0.7083333333333334,0.7916666666666666,0.6666666666666666,0.6666666666666666,0.625,0.7916666666666666,0.7083333333333334,0.7916666666666666,0.7916666666666666,0.625,0.6666666666666666,0.5416666666666666,0.625,0.7916666666666666,0.625,0.7916666666666666,0.7916666666666666,0.8333333333333334,0.9166666666666666,0.7916666666666666,0.6666666666666666,0.6666666666666666,0.75,0.6666666666666666,0.75,0.5833333333333334,0.75,0.8333333333333334,0.7083333333333334,0.7916666666666666,0.6666666666666666,0.6666666666666666,0.6666666666666666,0.7916666666666666,0.75,0.8333333333333334,0.75,0.75,0.6666666666666666,0.5833333333333334,0.5416666666666666,0.7083333333333334,0.75,0.75,0.7916666666666666,0.875,0.625,0.7916666666666666,0.625,0.5833333333333334,0.7083333333333334,0.75,0.7083333333333334,0.625,0.7916666666666666
New_York,0.7916666666666666,0.7083333333333334,0.7916666666666666,0.8333333333333334,0.625,0.7916666666666666,0.7083333333333334,0.8333333333333334,0.75,0.7083333333333334,0.8333333333333334,0.7916666666666666,0.6666666666666666,0.625,0.8333333333333334,0.7916666666666666,0.7916666666666666,0.875,0.7916666666666666,0.7916666666666666,0.7083333333333334,0.7916666666666666,0.6666666666666666,0.7083333333333334,0.75,0.7916666666666666,0.6666666666666666,0.7916666666666666,0.7916666666666666,0.7083333333333334,0.7916666666666666,0.5833333333333334,0.6666666666666666,0.7916666666666666,0.5416666666666666,0.8333333333333334,0.875,0.8333333333333334,0.7916666666666666,0.9166666666666666,0.7083333333333334,0.7916666666666666,0.6666666666666666,0.6666666666666666,0.75,0.5416666666666666,0.8333333333333334,0.8333333333333334,0.7916666666666666,0.7916666666666666,0.7916666666666666,0.7916666666666666,0.7083333333333334,0.875,0.75,0.8333333333333334,0.75,0.7916666666666666,0.6666666666666666,0.625,0.5833333333333334,0.7916666666666666,0.75,0.75,0.7916666666666666,0.875,0.7083333333333334,0.6666666666666666,0.5,0.625,0.6666666666666666,0.75,0.75,0.5416666666666666,0.9166666666666666
Newark,0.7083333333333334,0.5416666666666666,0.6666666666666666,0.7083333333333334,0.5,0.6666666666666666,0.6666666666666666,0.75,0.6666666666666666,0.5,0.6666666666666666,0.75,0.5416666666666666,0.5416666666666666,0.6666666666666666,0.7083333333333334,0.7083333333333334,0.75,0.7083333333333334,0.6666666666666666,0.5833333333333334,0.7083333333333334,0.5416666666666666,0.6666666666666666,0.5833333333333334,0.75,0.625,0.7083333333333334,0.6666666666666666,0.5833333333333334,0.625,0.5,0.5833333333333334,0.625,0.5,0.6666666666666666,0.7083333333333334,0.7083333333333334,0.6666666666666666,0.7083333333333334,0.7916666666666666,0.625,0.5833333333333334,0.5833333333333334,0.6666666666666666,0.5416666666666666,0.75,0.75,0.6666666666666666,0.6666666666666666,0.6666666666666666,0.6666666666666666,0.6666666666666666,0.7916666666666666,0.6666666666666666,0.75,0.625,0.6666666666666666,0.5416666666666666,0.5,0.5,0.6666666666666666,0.625,0.625,0.6666666666666666,0.75,0.625,0.5833333333333334,0.4583333333333333,0.5416666666666666,0.5833333333333334,0.625,0.7083333333333334,0.5,0.7083333333333334
Norfolk,0.7083333333333334,0.5833333333333334,0.6666666666666666,0.7083333333333334,0.5416666666666666,0.6666666666666666,0.625,0.7083333333333334,0.625,0.5833333333333334,0.7083333333333334,0.6666666666666666,0.5833333333333334,0.5416666666666666,0.75,0.7083333333333334,0.6666666666666666,0.75,0.7083333333333334,0.7083333333333334,0.6666666666666666,0.6666666666666666,0.5833333333333334,0.625,0.6666666666666666,0.6666666666666666,0.625,0.6666666666666666,0.6666666666666666,0.5833333333333334,0.7083333333333334,0.4583333333333333,0.5833333333333334,0.6666666666666666,0.5416666666666666,0.7083333333333334,0.75,0.7083333333333334,0.6666666666666666,0.7916666666666666,0.625,0.8333333333333334,0.5833333333333334,0.5833333333333334,0.625,0.5416666666666666,0.75,0.7083333333333334,0.6666666666666666,0.6666666666666666,0.6666666666666666,0.7083333333333334,0.5833333333333334,0.75,0.6666666666666666,0.7083333333333334,0.625,0.6666666666666666,0.5416666666666666,0.5,0.4583333333333333,0.6666666666666666,0.625,0.625,0.6666666666666666,0.75,0.5833333333333334,0.5416666666666666,0.5,0.5416666666666666,0.5416666666666666,0.7083333333333334,0.625,0.5416666666666666,0.8333333333333334
Oakland,0.7083333333333334,0.5416666666666666,0.6666666666666666,0.75,0.6666666666666666,0.7083333333333334,0.75,0.75,0.6666666666666666,0.5833333333333334,0.625,0.625,0.5833333333333334,0.625,0.75,0.625,0.625,0.7083333333333334,0.7083333333333334,0.7083333333333334,0.6666666666666666,0.7083333333333334,0.5833333333333334,0.5833333333333334,0.5416666666666666,0.7083333333333334,0.7083333333333334,0.7083333333333334,0.7083333333333334,0.5416666666666666,0.5833333333333334,0.5,0.5833333333333334,0.6666666666666666,0.5833333333333334,0.7083333333333334,0.7083333333333334,0.75,0.75,0.6666666666666666,0.5833333333333334,0.5833333333333334,0.7916666666666666,0.5833333333333334,0.6666666666666666,0.5833333333333334,0.7083333333333334,0.75,0.5833333333333334,0.7083333333333334,0.5833333333333334,0.5833333333333334,0.5833333333333334,0.7083333333333334,0.6666666666666666,0.75,0.6666666666666666,0.6666666666666666,0.625,0.5416666666666666,0.5,0.6666666666666666,0.6666666666666666,0.7083333333333334,0.7083333333333334,0.7916666666666666,0.625,0.7083333333333334,0.5833333333333334,0.5416666666666666,0.625,0.6666666666666666,0.6666666666666666,0.5833333333333334,0.6666666666666666
Oklahoma_City,0.7916666666666666,0.5416666666666666,0.6666666666666666,0.7083333333333334,0.5416666666666666,0.625,0.625,0.75,0.625,0.5416666666666666,0.6666666666666666,0.6666666666666666,0.5416666666666666,0.5,0.7083333333333334,0.625,0.625,0.75,0.75,0.7083333333333334,0.6666666666666666,0.75,0.625,0.625,0.5833333333333334,0.7083333333333334,0.6666666666666666,0.75,0.75,0.625,0.625,0.5416666666666666,0.625,0.7083333333333334,0.5416666666666666,0.75,0.7083333333333334,0.7916666666666666,0.6666666666666666,0.6666666666666666,0.5833333333333334,0.5833333333333334,0.5833333333333334,0.8333333333333334,0.6666666666666666,0.5416666666666666,0.7083333333333334,0.75,0.5833333333333334,0.7083333333333334,0.625,0.6666666666666666,0.625,0.7083333333333334,0.6666666666666666,0.75,0.7083333333333334,0.7083333333333334,0.5416666666666666,0.5,0.5833333333333334,0.7083333333333334,0.7083333333333334,0.7083333333333334,0.7083333333333334,0.7916666666666666,0.5416666666666666,0.5833333333333334,0.5,0.5416666666666666,0.5833333333333334,0.7083333333333334,0.5833333333333334,0.5416666666666666,0.6666666666666666
Omaha,0.7916666666666666,0.625,0.75,0.7916666666666666,0.625,0.7083333333333334,0.7083333333333334,0.875,0.7083333333333334,0.625,0.7083333333333334,0.75,0.6666666666666666,0.5833333333333334,0.7916666666666666,0.7916666666666666,0.75,0.7916666666666666,0.7916666666666666,0.75,0.7083333333333334,0.7916666666666666,0.6666666666666666,0.625,0.625,0.8333333333333334,0.6666666666666666,0.7916666666666666,0.8333333333333334,0.6666666666666666,0.6666666666666666,0.5833333333333334,0.625,0.75,0.5833333333333334,0.7916666666666666,0.7916666666666666,0.8333333333333334,0.75,0.75,0.6666666666666666,0.625,0.6666666666666666,0.6666666666666666,0.875,0.5833333333333334,0.75,0.875,0.6666666666666666,0.8333333333333334,0.6666666666666666,0.6666666666666666,0.625,0.8333333333333334,0.75,0.8333333333333334,0.75,0.7916666666666666,0.7083333333333334,0.5833333333333334,0.5833333333333334,0.7083333333333334,0.75,0.75,0.7916666666666666,0.875,0.7083333333333334,0.7083333333333334,0.5416666666666666,0.7083333333333334,0.7083333333333334,0.7083333333333334,0.7083333333333334,0.5833333333333334,0.75
Orlando,0.625,0.4583333333333333,0.5833333333333334,0.625,0.4583333333333333,0.5,0.625,0.625,0.5416666666666666,0.4166666666666667,0.5,0.5416666666666666,0.4583333333333333,0.4583333333333333,0.625,0.5416666666666666,0.5,0.625,0.625,0.5833333333333334,0.5833333333333334,0.5833333333333334,0.5416666666666666,0.5,0.4583333333333333,0.625,0.6666666666666666,0.5833333333333334,0.625,0.5416666666666666,0.5,0.375,0.4583333333333333,0.5833333333333334,0.75,0.5833333333333334,0.5833333333333334,0.6666666666666666,0.5833333333333334,0.5416666666666666,0.5416666666666666,0.5416666666666666,0.5833333333333334,0.5416666666666666,0.5833333333333334,0.7916666666666666,0.5833333333333334,0.625,0.5,0.625,0.5,0.5,0.5,0.5833333333333334,0.625,0.625,0.5416666666666666,0.5833333333333334,0.5,0.375,0.375,0.5833333333333334,0.5416666666666666,0.5833333333333334,0.5833333333333334,0.6666666666666666,0.4583333333333333,0.5833333333333334,0.5833333333333334,0.4583333333333333,0.4583333333333333,0.5833333333333334,0.5416666666666666,0.75,0.5416666666666666
Philadelphia,0.8333333333333334,0.6666666666666666,0.75,0.7916666666666666,0.6666666666666666,0.8333333333333334,0.75,0.8333333333333334,0.7083333333333334,0.6666666666666666,0.7916666666666666,0.7916666666666666,0.7083333333333334,0.6666666666666666,0.7916666666666666,0.7916666666666666,0.7916666666666666,0.875,0.8333333333333334,0.7916666666666666,0.7083333333333334,0.7916666666666666,0.6666666666666666,0.75,0.7083333333333334,0.7916666666666666,0.7083333333333334,0.7916666666666666,0.7916666666666666,0.6666666666666666,0.75,0.5833333333333334,0.75,0.75,0.5833333333333334,0.7916666666666666,0.8333333333333334,0.8333333333333334,0.75,0.8333333333333334,0.75,0.75,0.7083333333333334,0.7083333333333334,0.75,0.5833333333333334,0.9166666666666666,0.8333333333333334,0.75,0.7916666666666666,0.75,0.7916666666666666,0.7083333333333334,0.875,0.75,0.8333333333333334,0.75,0.7916666666666666,0.6666666666666666,0.5833333333333334,0.5833333333333334,0.7916666666666666,0.75,0.75,0.7916666666666666,0.875,0.75,0.6666666666666666,0.5416666666666666,0.625,0.6666666666666666,0.75,0.75,0.5833333333333334,0.8333333333333334
Phoenix,0.875,0.6666666666666666,0.8333333333333334,0.875,0.7083333333333334,0.7916666666666666,0.7916666666666666,0.9583333333333334,0.7916666666666666,0.7083333333333334,0.7916666666666666,0.8333333333333334,0.6666666666666666,0.6666666666666666,0.875,0.8333333333333334,0.8333333333333334,0.875,0.875,0.8333333333333334,0.7916666666666666,0.875,0.75,0.7083333333333334,0.7083333333333334,0.9166666666666666,0.75,0.875,0.875,0.7083333333333334,0.75,0.625,0.7083333333333334,0.8333333333333334,0.625,0.875,0.875,0.9166666666666666,0.8333333333333334,0.8333333333333334,0.75,0.7083333333333334,0.75,0.75,0.875,0.625,0.8333333333333334,0.9583333333333334,0.75,0.875,0.75,0.75,0.7083333333333334,0.9166666666666666,0.8333333333333334,0.9166666666666666,0.8333333333333334,0.8333333333333334,0.7083333333333334,0.625,0.625,0.7916666666666666,0.8333333333333334,0.8333333333333334,0.875,0.9583333333333334,0.75,0.75,0.5833333333333334,0.7083333333333334,0.75,0.7916666666666666,0.75,0.625,0.8333333333333334
Pittsburgh,0.7083333333333334,0.625,0.7083333333333334,0.75,0.5833333333333334,0.7083333333333334,0.6666666666666666,0.75,0.7083333333333334,0.6666666666666666,0.75,0.75,0.5416666666666666,0.5833333333333334,0.75,0.7083333333333334,0.75,0.7916666666666666,0.7083333333333334,0.7083333333333334,0.625,0.7083333333333334,0.625,0.6666666666666666,0.7083333333333334,0.75,0.5833333333333334,0.7083333333333334,0.7083333333333334,0.625,0.7083333333333334,0.5416666666666666,0.625,0.7083333333333334,0.4583333333333333,0.7083333333333334,0.75,0.75,0.7083333333333334,0.7916666666666666,0.6666666666666666,0.6666666666666666,0.5833333333333334,0.5833333333333334,0.6666666666666666,0.5,0.75,0.75,0.8333333333333334,0.75,0.75,0.7083333333333334,0.625,0.7916666666666666,0.7083333333333334,0.75,0.6666666666666666,0.7083333333333334,0.5833333333333334,0.5,0.5,0.7083333333333334,0.7083333333333334,0.7083333333333334,0.75,0.7916666666666666,0.6666666666666666,0.5833333333333334,0.4166666666666667,0.5416666666666666,0.625,0.6666666666666666,0.6666666666666666,0.4583333333333333,0.7916666666666666
Portland,0.8333333333333334,0.6666666666666666,0.7916666666666666,0.8333333333333334,0.7083333333333334,0.75,0.75,0.875,0.75,0.7083333333333334,0.7916666666666666,0.75,0.6666666666666666,0.625,0.8333333333333334,0.75,0.75,0.8333333333333334,0.8333333333333334,0.7916666666666666,0.75,0.8333333333333334,0.7083333333333334,0.6666666666666666,0.7083333333333334,0.8333333333333334,0.7083333333333334,0.8333333333333334,0.875,0.7083333333333334,0.75,0.625,0.6666666666666666,0.7916666666666666,0.625,0.8333333333333334,0.8333333333333334,0.875,0.7916666666666666,0.7916666666666666,0.6666666666666666,0.6666666666666666,0.7083333333333334,0.7083333333333334,0.8333333333333334,0.625,0.7916666666666666,0.875,0.75,0.9166666666666666,0.75,0.75,0.6666666666666666,0.8333333333333334,0.7916666666666666,0.875,0.7916666666666666,0.8333333333333334,0.7083333333333334,0.5833333333333334,0.5833333333333334,0.75,0.8333333333333334,0.8333333333333334,0.875,0.9166666666666666,0.7083333333333334,0.75,0.5833333333333334,0.6666666666666666,0.7083333333333334,0.75,0.7083333333333334,0.625,0.7916666666666666
Providence,0.7083333333333334,0.7083333333333334,0.75,0.7083333333333334,0.5833333333333334,0.7083333333333334,0.6666666666666666,0.75,0.625,0.625,0.875,0.75,0.5833333333333334,0.5416666666666666,0.7083333333333334,0.7083333333333334,0.7083333333333334,0.7916666666666666,0.7083333333333334,0.7083333333333334,0.625,0.7083333333333334,0.5833333333333334,0.625,0.8333333333333334,0.75,0.5833333333333334,0.7083333333333334,0.75,0.6666666666666666,0.8333333333333334,0.5833333333333334,0.5833333333333334,0.6666666666666666,0.4583333333333333,0.75,0.7916666666666666,0.75,0.6666666666666666,0.7916666666666666,0.6666666666666666,0.6666666666666666,0.5833333333333334,0.625,0.6666666666666666,0.5,0.75,0.75,0.75,0.75,0.9166666666666666,0.7916666666666666,0.625,0.7916666666666666,0.7083333333333334,0.75,0.7083333333333334,0.7083333333333334,0.5833333333333334,0.5833333333333334,0.5416666666666666,0.7083333333333334,0.75,0.75,0.75,0.7916666666666666,0.6666666666666666,0.5833333333333334,0.4166666666666667,0.5416666666666666,0.5833333333333334,0.625,0.6666666666666666,0.4583333333333333,0.7916666666666666
Raleigh,0.75,0.6666666666666666,0.7083333333333334,0.7083333333333334,0.5833333333333334,0.7083333333333334,0.625,0.75,0.625,0.625,0.7916666666666666,0.7083333333333334,0.6666666666666666,0.5416666666666666,0.7083333333333334,0.7083333333333334,0.7083333333333334,0.7916666666666666,0.75,0.7083333333333334,0.625,0.7083333333333334,0.5833333333333334,0.6666666666666666,0.75,0.7083333333333334,0.625,0.7083333333333334,0.75,0.625,0.7916666666666666,0.5833333333333334,0.625,0.6666666666666666,0.5,0.75,0.7916666666666666,0.75,0.6666666666666666,0.7916666666666666,0.6666666666666666,0.7083333333333334,0.5833333333333334,0.6666666666666666,0.6666666666666666,0.5,0.7916666666666666,0.75,0.7083333333333334,0.75,0.7916666666666666,0.875,0.625,0.7916666666666666,0.6666666666666666,0.75,0.7083333333333334,0.7083333333333334,0.5833333333333334,0.5833333333333334,0.5416666666666666,0.7083333333333334,0.75,0.75,0.75,0.7916666666666666,0.6666666666666666,0.5833333333333334,0.4583333333333333,0.5416666666666666,0.5833333333333334,0.6666666666666666,0.6666666666666666,0.5,0.7916666666666666
Richmond,0.7083333333333334,0.5833333333333334,0.625,0.7083333333333334,0.5,0.6666666666666666,0.625,0.7083333333333334,0.6666666666666666,0.5,0.7083333333333334,0.6666666666666666,0.5,0.5416666666666666,0.6666666666666666,0.6666666666666666,0.6666666666666666,0.7916666666666666,0.7083333333333334,0.6666666666666666,0.5833333333333334,0.75,0.625,0.6666666666666666,0.5833333333333334,0.6666666666666666,0.625,0.7083333333333334,0.6666666666666666,0.625,0.625,0.5,0.5833333333333334,0.6666666666666666,0.5,0.7083333333333334,0.7083333333333334,0.75,0.6666666666666666,0.7083333333333334,0.6666666666666666,0.5833333333333334,0.5833333333333334,0.625,0.625,0.5,0.7083333333333334,0.7083333333333334,0.625,0.6666666666666666,0.625,0.625,0.7916666666666666,0.75,0.625,0.75,0.625,0.6666666666666666,0.5416666666666666,0.5416666666666666,0.5833333333333334,0.7083333333333334,0.625,0.625,0.7083333333333334,0.75,0.5833333333333334,0.625,0.4583333333333333,0.5833333333333334,0.625,0.5833333333333334,0.7083333333333334,0.5,0.7083333333333334
Rochester,0.8333333333333334,0.7083333333333334,0.7916666666666666,0.8333333333333334,0.6666666666666666,0.8333333333333334,0.75,0.9166666666666666,0.75,0.6666666666666666,0.8333333333333334,0.875,0.6666666666666666,0.6666666666666666,0.8333333333333334,0.875,0.875,0.9166666666666666,0.8333333333333334,0.8333333333333334,0.75,0.8333333333333334,0.7083333333333334,0.75,0.75,0.875,0.7083333333333334,0.8333333333333334,0.8333333333333334,0.7083333333333334,0.7916666666666666,0.625,0.7083333333333334,0.7916666666666666,0.5833333333333334,0.8333333333333334,0.875,0.875,0.7916666666666666,0.875,0.7916666666666666,0.75,0.7083333333333334,0.7083333333333334,0.8333333333333334,0.5833333333333334,0.875,0.9166666666666666,0.7916666666666666,0.8333333333333334,0.7916666666666666,0.7916666666666666,0.75,0.9583333333333334,0.7916666666666666,0.875,0.7916666666666666,0.8333333333333334,0.7083333333333334,0.625,0.625,0.8333333333333334,0.7916666666666666,0.7916666666666666,0.8333333333333334,0.9166666666666666,0.7916666666666666,0.7083333333333334,0.5416666666666666,0.7083333333333334,0.7083333333333334,0.75,0.7916666666666666,0.5833333333333334,0.875
Sacramento,0.7916666666666666,0.5833333333333334,0.7916666666666666,0.7916666666666666,0.6666666666666666,0.75,0.75,0.8333333333333334,0.7083333333333334,0.625,0.7083333333333334,0.75,0.5833333333333334,0.6666666666666666,0.7916666666666666,0.75,0.75,0.7916666666666666,0.7916666666666666,0.75,0.75,0.7916666666666666,0.75,0.625,0.6666666666666666,0.8333333333333334,0.6666666666666666,0.7916666666666666,0.7916666666666666,0.6666666666666666,0.7083333333333334,0.5416666666666666,0.6666666666666666,0.7916666666666666,0.5833333333333334,0.7916666666666666,0.7916666666666666,0.8333333333333334,0.75,0.75,0.6666666666666666,0.6666666666666666,0.6666666666666666,0.6666666666666666,0.75,0.625,0.75,0.8333333333333334,0.7083333333333334,0.7916666666666666,0.7083333333333334,0.6666666666666666,0.625,0.7916666666666666,0.875,0.8333333333333334,0.7916666666666666,0.75,0.6666666666666666,0.5416666666666666,0.5416666666666666,0.7083333333333334,0.75,0.75,0.7916666666666666,0.875,0.625,0.6666666666666666,0.5416666666666666,0.5833333333333334,0.6666666666666666,0.7083333333333334,0.6666666666666666,0.5833333333333334,0.75
Salt_Lake_City,0.875,0.6666666666666666,0.8333333333333334,0.875,0.7083333333333334,0.7916666666666666,0.7916666666666666,0.9166666666666666,0.8333333333333334,0.7083333333333334,0.7916666666666666,0.7916666666666666,0.6666666666666666,0.6666666666666666,0.875,0.7916666666666666,0.7916666666666666,0.875,0.875,0.8333333333333334,0.7916666666666666,0.9166666666666666,0.75,0.7083333333333334,0.7083333333333334,0.875,0.75,0.9166666666666666,0.875,0.7083333333333334,0.75,0.6666666666666666,0.7083333333333334,0.8333333333333334,0.625,0.875,0.875,0.9166666666666666,0.8333333333333334,0.8333333333333334,0.75,0.7083333333333334,0.75,0.75,0.8333333333333334,0.625,0.8333333333333334,0.9166666666666666,0.75,0.875,0.75,0.75,0.75,0.875,0.8333333333333334,0.9583333333333334,0.8333333333333334,0.8333333333333334,0.7083333333333334,0.6666666666666666,0.6666666666666666,0.7916666666666666,0.8333333333333334,0.8333333333333334,0.875,0.9583333333333334,0.7083333333333334,0.75,0.5833333333333334,0.6666666666666666,0.7916666666666666,0.7916666666666666,0.7916666666666666,0.625,0.8333333333333334
San_Antonio,0.7916666666666666,0.625,0.7916666666666666,0.7916666666666666,0.7083333333333334,0.75,0.7083333333333334,0.8333333333333334,0.7083333333333334,0.6666666666666666,0.7083333333333334,0.7083333333333334,0.5833333333333334,0.625,0.7916666666666666,0.7083333333333334,0.75,0.7916666666666666,0.7916666666666666,0.75,0.75,0.7916666666666666,0.7083333333333334,0.625,0.6666666666666666,0.7916666666666666,0.6666666666666666,0.7916666666666666,0.8333333333333334,0.625,0.7083333333333334,0.625,0.6666666666666666,0.7916666666666666,0.5833333333333334,0.7916666666666666,0.7916666666666666,0.8333333333333334,0.75,0.75,0.625,0.625,0.6666666666666666,0.7083333333333334,0.75,0.5416666666666666,0.75,0.8333333333333334,0.6666666666666666,0.7916666666666666,0.7083333333333334,0.7083333333333334,0.625,0.7916666666666666,0.7916666666666666,0.8333333333333334,0.875,0.75,0.6666666666666666,0.5833333333333334,0.5833333333333334,0.7083333333333334,0.8333333333333334,0.7916666666666666,0.7916666666666666,0.875,0.625,0.6666666666666666,0.5416666666666666,0.5833333333333334,0.6666666666666666,0.7083333333333334,0.6666666666666666,0.5833333333333334,0.75
San_Diego,0.7916666666666666,0.625,0.75,0.7916666666666666,0.625,0.75,0.7083333333333334,0.8333333333333334,0.7083333333333334,0.625,0.75,0.7916666666666666,0.6666666666666666,0.625,0.7916666666666666,0.75,0.75,0.8333333333333334,0.7916666666666666,0.8333333333333334,0.75,0.7916666666666666,0.6666666666666666,0.7083333333333334,0.6666666666666666,0.7916666666666666,0.6666666666666666,0.8333333333333334,0.8333333333333334,0.7083333333333334,0.7083333333333334,0.625,0.6666666666666666,0.75,0.5833333333333334,0.7916666666666666,0.8333333333333334,0.8333333333333334,0.75,0.7916666666666666,0.6666666666666666,0.6666666666666666,0.6666666666666666,0.7083333333333334,0.7916666666666666,0.5833333333333334,0.7916666666666666,0.8333333333333334,0.7083333333333334,0.8333333333333334,0.7083333333333334,0.7083333333333334,0.6666666666666666,0.8333333333333334,0.75,0.8333333333333334,0.75,0.875,0.7083333333333334,0.5833333333333334,0.625,0.7916666666666666,0.75,0.75,0.7916666666666666,0.875,0.6666666666666666,0.7083333333333334,0.5416666666666666,0.6666666666666666,0.6666666666666666,0.75,0.7083333333333334,0.5833333333333334,0.7916666666666666
San_Francisco,0.6666666666666666,0.5833333333333334,0.625,0.6666666666666666,0.5833333333333334,0.7083333333333334,0.5833333333333334,0.7083333333333334,0.5833333333333334,0.5,0.625,0.625,0.625,0.5833333333333334,0.6666666666666666,0.6666666666666666,0.6666666666666666,0.7083333333333334,0.6666666666666666,0.6666666666666666,0.5833333333333334,0.6666666666666666,0.5833333333333334,0.5416666666666666,0.5416666666666666,0.6666666666666666,0.5833333333333334,0.6666666666666666,0.7083333333333334,0.5833333333333334,0.5833333333333334,0.5416666666666666,0.5833333333333334,0.6666666666666666,0.5,0.6666666666666666,0.7083333333333334,0.7083333333333334,0.6666666666666666,0.6666666666666666,0.5416666666666666,0.5416666666666666,0.625,0.5416666666666666,0.7083333333333334,0.5,0.6666666666666666,0.7083333333333334,0.5833333333333334,0.7083333333333334,0.5833333333333334,0.5833333333333334,0.5416666666666666,0.7083333333333334,0.6666666666666666,0.7083333333333334,0.6666666666666666,0.7083333333333334,0.8333333333333334,0.625,0.5833333333333334,0.6666666666666666,0.625,0.6666666666666666,0.6666666666666666,0.75,0.625,0.6666666666666666,0.5,0.5833333333333334,0.625,0.5833333333333334,0.6666666666666666,0.5,0.6666666666666666
San_Jose,0.5833333333333334,0.5416666666666666,0.5833333333333334,0.5833333333333334,0.4583333333333333,0.5833333333333334,0.5,0.625,0.5416666666666666,0.4583333333333333,0.5833333333333334,0.5416666666666666,0.5416666666666666,0.4583333333333333,0.5833333333333334,0.5833333333333334,0.5416666666666666,0.625,0.625,0.5833333333333334,0.5,0.625,0.5,0.5,0.5416666666666666,0.5833333333333334,0.5,0.625,0.625,0.5,0.5833333333333334,0.5416666666666666,0.4583333333333333,0.5416666666666666,0.375,0.625,0.6666666666666666,0.625,0.5833333333333334,0.625,0.5,0.5,0.5416666666666666,0.5,0.5833333333333334,0.375,0.5833333333333334,0.625,0.5,0.5833333333333334,0.5833333333333334,0.5833333333333334,0.5416666666666666,0.625,0.5416666666666666,0.6666666666666666,0.5833333333333334,0.5833333333333334,0.625,0.7916666666666666,0.7083333333333334,0.5833333333333334,0.5833333333333334,0.625,0.625,0.6666666666666666,0.5416666666666666,0.5833333333333334,0.375,0.5,0.625,0.5,0.625,0.375,0.625
Santa_Barbara,0.625,0.5,0.5416666666666666,0.5833333333333334,0.4166666666666667,0.5416666666666666,0.5,0.625,0.5416666666666666,0.4166666666666667,0.5833333333333334,0.5833333333333334,0.4583333333333333,0.4166666666666667,0.5833333333333334,0.5833333333333334,0.5416666666666666,0.625,0.625,0.625,0.5416666666666666,0.6666666666666666,0.5,0.5416666666666666,0.5,0.5833333333333334,0.5,0.6666666666666666,0.625,0.5,0.5416666666666666,0.5833333333333334,0.5,0.5416666666666666,0.375,0.625,0.625,0.625,0.5416666666666666,0.5833333333333334,0.5,0.4583333333333333,0.5,0.5833333333333334,0.5833333333333334,0.375,0.5833333333333334,0.625,0.5,0.5833333333333334,0.5416666666666666,0.5416666666666666,0.5833333333333334,0.625,0.5416666666666666,0.6666666666666666,0.5833333333333334,0.625,0.5833333333333334,0.7083333333333334,0.875,0.625,0.5833333333333334,0.625,0.625,0.6666666666666666,0.5416666666666666,0.5416666666666666,0.3333333333333333,0.5416666666666666,0.5833333333333334,0.5416666666666666,0.625,0.375,0.5833333333333334
Scranton,0.75,0.7083333333333334,0.7083333333333334,0.75,0.5833333333333334,0.75,0.6666666666666666,0.7916666666666666,0.6666666666666666,0.5833333333333334,0.75,0.7916666666666666,0.5833333333333334,0.5833333333333334,0.75,0.75,0.75,0.875,0.75,0.7916666666666666,0.7083333333333334,0.75,0.6666666666666666,0.7083333333333334,0.6666666666666666,0.75,0.7083333333333334,0.7916666666666666,0.75,0.6666666666666666,0.7083333333333334,0.625,0.625,0.75,0.5833333333333334,0.75,0.7916666666666666,0.8333333333333334,0.7083333333333334,0.7916666666666666,0.6666666666666666,0.6666666666666666,0.6666666666666666,0.7083333333333334,0.7083333333333334,0.5833333333333334,0.7916666666666666,0.7916666666666666,0.7083333333333334,0.75,0.7083333333333334,0.7083333333333334,0.7083333333333334,0.8333333333333334,0.7083333333333334,0.7916666666666666,0.7083333333333334,0.7916666666666666,0.6666666666666666,0.5833333333333334,0.625,0.875,0.7083333333333334,0.75,0.75,0.8333333333333334,0.7083333333333334,0.6666666666666666,0.5416666666666666,0.5833333333333334,0.625,0.7083333333333334,0.75,0.5833333333333334,0.7916666666666666
Seattle,0.7916666666666666,0.6666666666666666,0.7916666666666666,0.7916666666666666,0.7083333333333334,0.7083333333333334,0.7083333333333334,0.8333333333333334,0.7083333333333334,0.7083333333333334,0.75,0.7083333333333334,0.5833333333333334,0.5833333333333334,0.7916666666666666,0.7083333333333334,0.7083333333333334,0.7916666666666666,0.7916666666666666,0.75,0.75,0.7916666666666666,0.6666666666666666,0.625,0.7083333333333334,0.7916666666666666,0.6666666666666666,0.7916666666666666,0.8333333333333334,0.625,0.75,0.6666666666666666,0.625,0.75,0.5833333333333334,0.7916666666666666,0.7916666666666666,0.8333333333333334,0.75,0.75,0.625,0.625,0.6666666666666666,0.7083333333333334,0.75,0.5416666666666666,0.75,0.8333333333333334,0.7083333333333334,0.8333333333333334,0.75,0.75,0.625,0.7916666666666666,0.75,0.8333333333333334,0.8333333333333334,0.75,0.625,0.5833333333333334,0.5833333333333334,0.7083333333333334,0.9166666666666666,0.8333333333333334,0.8333333333333334,0.875,0.6666666666666666,0.6666666666666666,0.5416666666666666,0.5833333333333334,0.6666666666666666,0.7083333333333334,0.6666666666666666,0.5833333333333334,0.75
Spokane,0.7916666666666666,0.6666666666666666,0.75,0.7916666666666666,0.6666666666666666,0.7083333333333334,0.7083333333333334,0.8333333333333334,0.7083333333333334,0.6666666666666666,0.75,0.7083333333333334,0.5833333333333334,0.5833333333333334,0.7916666666666666,0.7083333333333334,0.7083333333333334,0.7916666666666666,0.7916666666666666,0.75,0.7083333333333334,0.7916666666666666,0.6666666666666666,0.625,0.7083333333333334,0.7916666666666666,0.7083333333333334,0.7916666666666666,0.8333333333333334,0.625,0.75,0.6666666666666666,0.625,0.75,0.5833333333333334,0.7916666666666666,0.7916666666666666,0.8333333333333334,0.75,0.75,0.625,0.625,0.7083333333333334,0.7083333333333334,0.75,0.5833333333333334,0.75,0.8333333333333334,0.7083333333333334,0.8333333333333334,0.75,0.75,0.625,0.7916666666666666,0.75,0.8333333333333334,0.7916666666666666,0.75,0.6666666666666666,0.625,0.625,0.75,0.8333333333333334,0.875,0.8333333333333334,0.875,0.7083333333333334,0.7083333333333334,0.5416666666666666,0.5833333333333334,0.6666666666666666,0.7083333333333334,0.7083333333333334,0.5833333333333334,0.75
Springfield,0.8333333333333334,0.6666666666666666,0.7916666666666666,0.8333333333333334,0.7083333333333334,0.75,0.75,0.875,0.75,0.7083333333333334,0.7916666666666666,0.75,0.625,0.625,0.8333333333333334,0.75,0.75,0.8333333333333334,0.875,0.7916666666666666,0.75,0.8333333333333334,0.75,0.7083333333333334,0.7083333333333334,0.8333333333333334,0.7083333333333334,0.8333333333333334,0.8333333333333334,0.6666666666666666,0.75,0.625,0.6666666666666666,0.7916666666666666,0.5833333333333334,0.8333333333333334,0.8333333333333334,0.875,0.7916666666666666,0.7916666666666666,0.6666666666666666,0.6666666666666666,0.7083333333333334,0.7083333333333334,0.7916666666666666,0.5833333333333334,0.7916666666666666,0.875,0.75,0.875,0.75,0.75,0.7083333333333334,0.8333333333333334,0.7916666666666666,0.875,0.7916666666666666,0.7916666666666666,0.6666666666666666,0.625,0.625,0.75,0.8333333333333334,0.8333333333333334,0.9166666666666666,0.9166666666666666,0.7083333333333334,0.75,0.5416666666666666,0.6666666666666666,0.75,0.75,0.7083333333333334,0.5833333333333334,0.7916666666666666
St_Louis,0.9166666666666666,0.7083333333333334,0.875,0.9166666666666666,0.75,0.8333333333333334,0.8333333333333334,0.9583333333333334,0.8333333333333334,0.75,0.8333333333333334,0.8333333333333334,0.7083333333333334,0.7083333333333334,0.9166666666666666,0.8333333333333334,0.8333333333333334,0.9166666666666666,0.9166666666666666,0.875,0.8333333333333334,0.9166666666666666,0.7916666666666666,0.75,0.75,0.9166666666666666,0.7916666666666666,0.9166666666666666,0.9166666666666666,0.75,0.7916666666666666,0.6666666666666666,0.75,0.875,0.6666666666666666,0.9166666666666666,0.9166666666666666,0.9583333333333334,0.875,0.875,0.75,0.75,0.7916666666666666,0.7916666666666666,0.875,0.6666666666666666,0.875,0.9583333333333334,0.7916666666666666,0.9166666666666666,0.7916666666666666,0.7916666666666666,0.75,0.9166666666666666,0.875,0.9583333333333334,0.875,0.875,0.75,0.6666666666666666,0.6666666666666666,0.8333333333333334,0.875,0.875,0.9166666666666666,1.0,0.75,0.7916666666666666,0.625,0.7083333333333334,0.7916666666666666,0.8333333333333334,0.7916666666666666,0.6666666666666666,0.875
Syracuse,0.6666666666666666,0.6666666666666666,0.625,0.6666666666666666,0.5833333333333334,0.7083333333333334,0.625,0.75,0.5833333333333334,0.5833333333333334,0.7083333333333334,0.7083333333333334,0.5833333333333334,0.5416666666666666,0.6666666666666666,0.75,0.7083333333333334,0.75,0.6666666666666666,0.6666666666666666,0.5833333333333334,0.6666666666666666,0.5416666666666666,0.5833333333333334,0.625,0.7083333333333334,0.5833333333333334,0.6666666666666666,0.6666666666666666,0.5416666666666666,0.6666666666666666,0.5833333333333334,0.5833333333333334,0.625,0.4583333333333333,0.6666666666666666,0.7083333333333334,0.7083333333333334,0.625,0.7083333333333334,0.625,0.5833333333333334,0.625,0.5416666666666666,0.7083333333333334,0.4583333333333333,0.75,0.75,0.6666666666666666,0.7083333333333334,0.6666666666666666,0.6666666666666666,0.5833333333333334,0.7916666666666666,0.625,0.7083333333333334,0.625,0.6666666666666666,0.625,0.5416666666666666,0.5416666666666666,0.7083333333333334,0.6666666666666666,0.7083333333333334,0.7083333333333334,0.75,0.7916666666666666,0.5833333333333334,0.4166666666666667,0.5833333333333334,0.5833333333333334,0.5833333333333334,0.7083333333333334,0.4583333333333333,0.7083333333333334
Tallahassee,0.7083333333333334,0.5416666666666666,0.6666666666666666,0.75,0.5833333333333334,0.6666666666666666,0.6666666666666666,0.75,0.6666666666666666,0.5416666666666666,0.625,0.625,0.5833333333333334,0.5833333333333334,0.7083333333333334,0.625,0.625,0.7083333333333334,0.75,0.6666666666666666,0.625,0.7083333333333334,0.625,0.625,0.5416666666666666,0.7083333333333334,0.6666666666666666,0.7083333333333334,0.75,0.5833333333333334,0.5833333333333334,0.5,0.5416666666666666,0.6666666666666666,0.625,0.7083333333333334,0.7083333333333334,0.75,0.7916666666666666,0.6666666666666666,0.5833333333333334,0.5416666666666666,0.7083333333333334,0.5833333333333334,0.7083333333333334,0.5833333333333334,0.6666666666666666,0.75,0.5833333333333334,0.75,0.5833333333333334,0.5833333333333334,0.625,0.7083333333333334,0.6666666666666666,0.75,0.6666666666666666,0.7083333333333334,0.6666666666666666,0.5833333333333334,0.5416666666666666,0.6666666666666666,0.6666666666666666,0.7083333333333334,0.75,0.7916666666666666,0.5833333333333334,0.8333333333333334,0.625,0.5833333333333334,0.6666666666666666,0.625,0.6666666666666666,0.625,0.6666666666666666
Tampa,0.5833333333333334,0.4583333333333333,0.5416666666666666,0.5833333333333334,0.5,0.5,0.5416666666666666,0.5833333333333334,0.5,0.4166666666666667,0.4583333333333333,0.4583333333333333,0.4583333333333333,0.4583333333333333,0.5833333333333334,0.5,0.4583333333333333,0.5833333333333334,0.5833333333333334,0.5416666666666666,0.5833333333333334,0.5416666666666666,0.5,0.4583333333333333,0.4166666666666667,0.5416666666666666,0.625,0.5416666666666666,0.5833333333333334,0.4583333333333333,0.4583333333333333,0.375,0.4166666666666667,0.5416666666666666,0.75,0.5416666666666666,0.5416666666666666,0.625,0.625,0.5,0.4583333333333333,0.5,0.5833333333333334,0.5,0.5416666666666666,0.5833333333333334,0.5416666666666666,0.5833333333333334,0.4166666666666667,0.5833333333333334,0.4166666666666667,0.4583333333333333,0.4583333333333333,0.5416666666666666,0.5416666666666666,0.5833333333333334,0.5416666666666666,0.5416666666666666,0.5,0.375,0.3333333333333333,0.5416666666666666,0.5416666666666666,0.5416666666666666,0.5416666666666666,0.625,0.4166666666666667,0.625,0.75,0.4166666666666667,0.4583333333333333,0.5416666666666666,0.5,0.75,0.5
Toledo,0.6666666666666666,0.5,0.5833333333333334,0.625,0.5,0.5833333333333334,0.5833333333333334,0.7083333333333334,0.5416666666666666,0.4583333333333333,0.625,0.625,0.5416666666666666,0.4583333333333333,0.6666666666666666,0.6666666666666666,0.625,0.6666666666666666,0.6666666666666666,0.6666666666666666,0.5833333333333334,0.6666666666666666,0.5416666666666666,0.5416666666666666,0.5,0.6666666666666666,0.5416666666666666,0.625,0.6666666666666666,0.5833333333333334,0.5416666666666666,0.4583333333333333,0.5416666666666666,0.5833333333333334,0.4583333333333333,0.6666666666666666,0.6666666666666666,0.6666666666666666,0.5833333333333334,0.625,0.5416666666666666,0.5416666666666666,0.5416666666666666,0.5416666666666666,0.7083333333333334,0.4583333333333333,0.625,0.7083333333333334,0.5416666666666666,0.6666666666666666,0.5416666666666666,0.5416666666666666,0.5833333333333334,0.7083333333333334,0.5833333333333334,0.6666666666666666,0.5833333333333334,0.6666666666666666,0.5833333333333334,0.5,0.5416666666666666,0.5833333333333334,0.5833333333333334,0.5833333333333334,0.6666666666666666,0.7083333333333334,0.5833333333333334,0.5833333333333334,0.4166666666666667,0.7083333333333334,0.5833333333333334,0.5833333333333334,0.5833333333333334,0.4583333333333333,0.625
Tucson,0.7083333333333334,0.5416666666666666,0.6666666666666666,0.7083333333333334,0.5833333333333334,0.6666666666666666,0.625,0.75,0.7083333333333334,0.5833333333333334,0.625,0.625,0.5833333333333334,0.5833333333333334,0.7083333333333334,0.6666666666666666,0.6666666666666666,0.7083333333333334,0.75,0.6666666666666666,0.625,0.75,0.6666666666666666,0.625,0.5833333333333334,0.7083333333333334,0.5833333333333334,0.75,0.7083333333333334,0.5416666666666666,0.5833333333333334,0.5416666666666666,0.5833333333333334,0.6666666666666666,0.4583333333333333,0.7083333333333334,0.7083333333333334,0.75,0.7083333333333334,0.6666666666666666,0.5833333333333334,0.5416666666666666,0.625,0.5833333333333334,0.7083333333333334,0.4583333333333333,0.6666666666666666,0.75,0.625,0.7083333333333334,0.5833333333333334,0.5833333333333334,0.625,0.7083333333333334,0.6666666666666666,0.7916666666666666,0.6666666666666666,0.6666666666666666,0.625,0.625,0.5833333333333334,0.625,0.6666666666666666,0.6666666666666666,0.75,0.7916666666666666,0.5833333333333334,0.6666666666666666,0.4583333333333333,0.5833333333333334,0.7916666666666666,0.625,0.6666666666666666,0.4583333333333333,0.6666666666666666
Tulsa,0.7916666666666666,0.5416666666666666,0.7083333333333334,0.7916666666666666,0.625,0.6666666666666666,0.7083333333333334,0.7916666666666666,0.7083333333333334,0.625,0.6666666666666666,0.7083333333333334,0.5833333333333334,0.5416666666666666,0.8333333333333334,0.6666666666666666,0.6666666666666666,0.75,0.7916666666666666,0.7916666666666666,0.75,0.75,0.625,0.6666666666666666,0.5833333333333334,0.75,0.7083333333333334,0.7916666666666666,0.75,0.5833333333333334,0.625,0.5416666666666666,0.625,0.75,0.5833333333333334,0.75,0.75,0.7916666666666666,0.75,0.75,0.625,0.7083333333333334,0.6666666666666666,0.7083333333333334,0.7083333333333334,0.5833333333333334,0.75,0.7916666666666666,0.6666666666666666,0.75,0.625,0.6666666666666666,0.5833333333333334,0.75,0.7083333333333334,0.7916666666666666,0.7083333333333334,0.75,0.5833333333333334,0.5,0.5416666666666666,0.7083333333333334,0.7083333333333334,0.7083333333333334,0.75,0.8333333333333334,0.5833333333333334,0.625,0.5416666666666666,0.5833333333333334,0.625,0.875,0.625,0.5833333333333334,0.75
Washington_DC,0.7083333333333334,0.6666666666666666,0.6666666666666666,0.75,0.5416666666666666,0.7083333333333334,0.6666666666666666,0.75,0.7083333333333334,0.5416666666666666,0.7083333333333334,0.7083333333333334,0.5833333333333334,0.5833333333333334,0.7083333333333334,0.75,0.7083333333333334,0.7916666666666666,0.7083333333333334,0.7083333333333334,0.625,0.75,0.5833333333333334,0.6666666666666666,0.625,0.7083333333333334,0.6666666666666666,0.75,0.7083333333333334,0.5833333333333334,0.6666666666666666,0.625,0.5833333333333334,0.6666666666666666,0.5416666666666666,0.7083333333333334,0.75,0.75,0.7083333333333334,0.75,0.7083333333333334,0.625,0.6666666666666666,0.5833333333333334,0.7083333333333334,0.5416666666666666,0.75,0.75,0.6666666666666666,0.7083333333333334,0.6666666666666666,0.6666666666666666,0.7083333333333334,0.7916666666666666,0.6666666666666666,0.7916666666666666,0.6666666666666666,0.7083333333333334,0.6666666666666666,0.625,0.625,0.75,0.6666666666666666,0.7083333333333334,0.7083333333333334,0.7916666666666666,0.7083333333333334,0.6666666666666666,0.5,0.5833333333333334,0.6666666666666666,0.625,0.8333333333333334,0.5416666666666666,0.75
West_Palm_Beach,0.625,0.5,0.5833333333333334,0.625,0.5,0.5,0.5833333333333334,0.625,0.5416666666666666,0.4583333333333333,0.5,0.5,0.4583333333333333,0.4583333333333333,0.625,0.5416666666666666,0.5,0.625,0.625,0.5833333333333334,0.625,0.5833333333333334,0.5416666666666666,0.5,0.4583333333333333,0.5833333333333334,0.6666666666666666,0.5833333333333334,0.625,0.5,0.5,0.4166666666666667,0.4583333333333333,0.5833333333333334,0.9583333333333334,0.5833333333333334,0.5833333333333334,0.6666666666666666,0.625,0.5416666666666666,0.5,0.5416666666666666,0.5833333333333334,0.5416666666666666,0.5833333333333334,0.75,0.5833333333333334,0.625,0.4583333333333333,0.625,0.4583333333333333,0.5,0.5,0.5833333333333334,0.5833333333333334,0.625,0.5833333333333334,0.5833333333333334,0.5,0.375,0.375,0.5833333333333334,0.5833333333333334,0.5833333333333334,0.5833333333333334,0.6666666666666666,0.4583333333333333,0.625,0.75,0.4583333333333333,0.4583333333333333,0.5833333333333334,0.5416666666666666,0.9583333333333334,0.5416666666666666
Wilmington,0.7916666666666666,0.7083333333333334,0.7916666666666666,0.8333333333333334,0.625,0.7916666666666666,0.7083333333333334,0.8333333333333334,0.75,0.7083333333333334,0.8333333333333334,0.7916666666666666,0.6666666666666666,0.625,0.8333333333333334,0.7916666666666666,0.7916666666666666,0.875,0.7916666666666666,0.7916666666666666,0.7083333333333334,0.7916666666666666,0.6666666666666666,0.7083333333333334,0.75,0.7916666666666666,0.6666666666666666,0.7916666666666666,0.7916666666666666,0.7083333333333334,0.7916666666666666,0.5833333333333334,0.6666666666666666,0.7916666666666666,0.5416666666666666,0.8333333333333334,0.875,0.8333333333333334,0.7916666666666666,0.9166666666666666,0.7083333333333334,0.8333333333333334,0.6666666666666666,0.6666666666666666,0.75,0.5416666666666666,0.8333333333333334,0.8333333333333334,0.7916666666666666,0.7916666666666666,0.7916666666666666,0.7916666666666666,0.7083333333333334,0.875,0.75,0.8333333333333334,0.75,0.7916666666666666,0.6666666666666666,0.625,0.5833333333333334,0.7916666666666666,0.75,0.75,0.7916666666666666,0.875,0.7083333333333334,0.6666666666666666,0.5,0.625,0.6666666666666666,0.75,0.75,0.5416666666666666,1.0
